0 verbose cli /usr/bin/node /usr/bin/npm
1 info using npm@10.8.2
2 info using node@v20.19.5
3 silly config load:file:/usr/lib/node_modules/npm/npmrc
4 silly config load:file:/workspace/.npmrc
5 silly config load:file:/root/.npmrc
6 silly config load:file:/usr/etc/npmrc
7 verbose title npm install
8 verbose argv "install"
9 verbose logfile logs-max:10 dir:/workspace/.sites-runtime/npm-cache/_logs/2026-07-30T02_13_04_963Z-
10 verbose logfile /workspace/.sites-runtime/npm-cache/_logs/2026-07-30T02_13_04_963Z-debug-0.log
11 silly packumentCache heap:549453824 maxSize:137363456 maxEntrySize:68681728
12 silly logfile done cleaning log files
13 silly idealTree buildDeps
14 warn EBADENGINE Unsupported engine {
14 warn EBADENGINE   package: 'prontodoc-curriculo@0.1.0',
14 warn EBADENGINE   required: { node: '24.x' },
14 warn EBADENGINE   current: { node: 'v20.19.5', npm: '10.8.2' }
14 warn EBADENGINE }
15 warn EBADENGINE Unsupported engine {
15 warn EBADENGINE   package: '@cloudflare/kv-asset-handler@0.5.0',
15 warn EBADENGINE   required: { node: '>=22.0.0' },
15 warn EBADENGINE   current: { node: 'v20.19.5', npm: '10.8.2' }
15 warn EBADENGINE }
16 warn EBADENGINE Unsupported engine {
16 warn EBADENGINE   package: 'miniflare@4.20260515.0',
16 warn EBADENGINE   required: { node: '>=22.0.0' },
16 warn EBADENGINE   current: { node: 'v20.19.5', npm: '10.8.2' }
16 warn EBADENGINE }
17 warn EBADENGINE Unsupported engine {
17 warn EBADENGINE   package: 'vinext@0.0.50',
17 warn EBADENGINE   required: { node: '>=22' },
17 warn EBADENGINE   current: { node: 'v20.19.5', npm: '10.8.2' }
17 warn EBADENGINE }
18 warn EBADENGINE Unsupported engine {
18 warn EBADENGINE   package: 'wrangler@4.92.0',
18 warn EBADENGINE   required: { node: '>=22.0.0' },
18 warn EBADENGINE   current: { node: 'v20.19.5', npm: '10.8.2' }
18 warn EBADENGINE }
19 silly reify moves {}
20 verbose reify failed optional dependency /workspace/node_modules/@tailwindcss/oxide-wasm32-wasi
21 silly reify mark deleted [ '/workspace/node_modules/@tailwindcss/oxide-wasm32-wasi' ]
22 verbose reify failed optional dependency /workspace/node_modules/@tailwindcss/oxide-wasm32-wasi/node_modules/@emnapi/core
23 silly reify mark deleted [
23 silly reify   '/workspace/node_modules/@tailwindcss/oxide-wasm32-wasi/node_modules/@emnapi/core'
23 silly reify ]
24 verbose reify failed optional dependency /workspace/node_modules/@tailwindcss/oxide-wasm32-wasi/node_modules/@emnapi/runtime
25 silly reify mark deleted [
25 silly reify   '/workspace/node_modules/@tailwindcss/oxide-wasm32-wasi/node_modules/@emnapi/runtime'
25 silly reify ]
26 verbose reify failed optional dependency /workspace/node_modules/@tailwindcss/oxide-wasm32-wasi/node_modules/@emnapi/wasi-threads
27 silly reify mark deleted [
27 silly reify   '/workspace/node_modules/@tailwindcss/oxide-wasm32-wasi/node_modules/@emnapi/wasi-threads'
27 silly reify ]
28 verbose reify failed optional dependency /workspace/node_modules/@tailwindcss/oxide-wasm32-wasi/node_modules/@napi-rs/wasm-runtime
29 silly reify mark deleted [
29 silly reify   '/workspace/node_modules/@tailwindcss/oxide-wasm32-wasi/node_modules/@napi-rs/wasm-runtime'
29 silly reify ]
30 verbose reify failed optional dependency /workspace/node_modules/@tailwindcss/oxide-wasm32-wasi/node_modules/@tybys/wasm-util
31 silly reify mark deleted [
31 silly reify   '/workspace/node_modules/@tailwindcss/oxide-wasm32-wasi/node_modules/@tybys/wasm-util'
31 silly reify ]
32 verbose reify failed optional dependency /workspace/node_modules/@tailwindcss/oxide-wasm32-wasi/node_modules/tslib
33 silly reify mark deleted [
33 silly reify   '/workspace/node_modules/@tailwindcss/oxide-wasm32-wasi/node_modules/tslib'
33 silly reify ]
34 verbose reify failed optional dependency /workspace/node_modules/wrangler/node_modules/@esbuild/win32-x64
35 silly reify mark deleted [ '/workspace/node_modules/wrangler/node_modules/@esbuild/win32-x64' ]
36 verbose reify failed optional dependency /workspace/node_modules/wrangler/node_modules/@esbuild/win32-ia32
37 silly reify mark deleted [ '/workspace/node_modules/wrangler/node_modules/@esbuild/win32-ia32' ]
38 verbose reify failed optional dependency /workspace/node_modules/wrangler/node_modules/@esbuild/win32-arm64
39 silly reify mark deleted [
39 silly reify   '/workspace/node_modules/wrangler/node_modules/@esbuild/win32-arm64'
39 silly reify ]
40 verbose reify failed optional dependency /workspace/node_modules/wrangler/node_modules/@esbuild/sunos-x64
41 silly reify mark deleted [ '/workspace/node_modules/wrangler/node_modules/@esbuild/sunos-x64' ]
42 verbose reify failed optional dependency /workspace/node_modules/wrangler/node_modules/@esbuild/openharmony-arm64
43 silly reify mark deleted [
43 silly reify   '/workspace/node_modules/wrangler/node_modules/@esbuild/openharmony-arm64'
43 silly reify ]
44 verbose reify failed optional dependency /workspace/node_modules/wrangler/node_modules/@esbuild/openbsd-x64
45 silly reify mark deleted [
45 silly reify   '/workspace/node_modules/wrangler/node_modules/@esbuild/openbsd-x64'
45 silly reify ]
46 verbose reify failed optional dependency /workspace/node_modules/wrangler/node_modules/@esbuild/openbsd-arm64
47 silly reify mark deleted [
47 silly reify   '/workspace/node_modules/wrangler/node_modules/@esbuild/openbsd-arm64'
47 silly reify ]
48 verbose reify failed optional dependency /workspace/node_modules/wrangler/node_modules/@esbuild/netbsd-x64
49 silly reify mark deleted [ '/workspace/node_modules/wrangler/node_modules/@esbuild/netbsd-x64' ]
50 verbose reify failed optional dependency /workspace/node_modules/wrangler/node_modules/@esbuild/netbsd-arm64
51 silly reify mark deleted [
51 silly reify   '/workspace/node_modules/wrangler/node_modules/@esbuild/netbsd-arm64'
51 silly reify ]
52 verbose reify failed optional dependency /workspace/node_modules/wrangler/node_modules/@esbuild/linux-s390x
53 silly reify mark deleted [
53 silly reify   '/workspace/node_modules/wrangler/node_modules/@esbuild/linux-s390x'
53 silly reify ]
54 verbose reify failed optional dependency /workspace/node_modules/wrangler/node_modules/@esbuild/linux-riscv64
55 silly reify mark deleted [
55 silly reify   '/workspace/node_modules/wrangler/node_modules/@esbuild/linux-riscv64'
55 silly reify ]
56 verbose reify failed optional dependency /workspace/node_modules/wrangler/node_modules/@esbuild/linux-ppc64
57 silly reify mark deleted [
57 silly reify   '/workspace/node_modules/wrangler/node_modules/@esbuild/linux-ppc64'
57 silly reify ]
58 verbose reify failed optional dependency /workspace/node_modules/wrangler/node_modules/@esbuild/linux-mips64el
59 silly reify mark deleted [
59 silly reify   '/workspace/node_modules/wrangler/node_modules/@esbuild/linux-mips64el'
59 silly reify ]
60 verbose reify failed optional dependency /workspace/node_modules/wrangler/node_modules/@esbuild/linux-loong64
61 silly reify mark deleted [
61 silly reify   '/workspace/node_modules/wrangler/node_modules/@esbuild/linux-loong64'
61 silly reify ]
62 verbose reify failed optional dependency /workspace/node_modules/wrangler/node_modules/@esbuild/linux-ia32
63 silly reify mark deleted [ '/workspace/node_modules/wrangler/node_modules/@esbuild/linux-ia32' ]
64 verbose reify failed optional dependency /workspace/node_modules/wrangler/node_modules/@esbuild/linux-arm64
65 silly reify mark deleted [
65 silly reify   '/workspace/node_modules/wrangler/node_modules/@esbuild/linux-arm64'
65 silly reify ]
66 verbose reify failed optional dependency /workspace/node_modules/wrangler/node_modules/@esbuild/linux-arm
67 silly reify mark deleted [ '/workspace/node_modules/wrangler/node_modules/@esbuild/linux-arm' ]
68 verbose reify failed optional dependency /workspace/node_modules/wrangler/node_modules/@esbuild/freebsd-x64
69 silly reify mark deleted [
69 silly reify   '/workspace/node_modules/wrangler/node_modules/@esbuild/freebsd-x64'
69 silly reify ]
70 verbose reify failed optional dependency /workspace/node_modules/wrangler/node_modules/@esbuild/freebsd-arm64
71 silly reify mark deleted [
71 silly reify   '/workspace/node_modules/wrangler/node_modules/@esbuild/freebsd-arm64'
71 silly reify ]
72 verbose reify failed optional dependency /workspace/node_modules/wrangler/node_modules/@esbuild/darwin-x64
73 silly reify mark deleted [ '/workspace/node_modules/wrangler/node_modules/@esbuild/darwin-x64' ]
74 verbose reify failed optional dependency /workspace/node_modules/wrangler/node_modules/@esbuild/darwin-arm64
75 silly reify mark deleted [
75 silly reify   '/workspace/node_modules/wrangler/node_modules/@esbuild/darwin-arm64'
75 silly reify ]
76 verbose reify failed optional dependency /workspace/node_modules/wrangler/node_modules/@esbuild/android-x64
77 silly reify mark deleted [
77 silly reify   '/workspace/node_modules/wrangler/node_modules/@esbuild/android-x64'
77 silly reify ]
78 verbose reify failed optional dependency /workspace/node_modules/wrangler/node_modules/@esbuild/android-arm64
79 silly reify mark deleted [
79 silly reify   '/workspace/node_modules/wrangler/node_modules/@esbuild/android-arm64'
79 silly reify ]
80 verbose reify failed optional dependency /workspace/node_modules/wrangler/node_modules/@esbuild/android-arm
81 silly reify mark deleted [
81 silly reify   '/workspace/node_modules/wrangler/node_modules/@esbuild/android-arm'
81 silly reify ]
82 verbose reify failed optional dependency /workspace/node_modules/wrangler/node_modules/@esbuild/aix-ppc64
83 silly reify mark deleted [ '/workspace/node_modules/wrangler/node_modules/@esbuild/aix-ppc64' ]
84 verbose reify failed optional dependency /workspace/node_modules/vite/node_modules/lightningcss-win32-x64-msvc
85 silly reify mark deleted [
85 silly reify   '/workspace/node_modules/vite/node_modules/lightningcss-win32-x64-msvc'
85 silly reify ]
86 verbose reify failed optional dependency /workspace/node_modules/vite/node_modules/lightningcss-win32-arm64-msvc
87 silly reify mark deleted [
87 silly reify   '/workspace/node_modules/vite/node_modules/lightningcss-win32-arm64-msvc'
87 silly reify ]
88 verbose reify failed optional dependency /workspace/node_modules/vite/node_modules/lightningcss-linux-x64-musl
89 silly reify mark deleted [
89 silly reify   '/workspace/node_modules/vite/node_modules/lightningcss-linux-x64-musl'
89 silly reify ]
90 verbose reify failed optional dependency /workspace/node_modules/vite/node_modules/lightningcss-linux-arm64-musl
91 silly reify mark deleted [
91 silly reify   '/workspace/node_modules/vite/node_modules/lightningcss-linux-arm64-musl'
91 silly reify ]
92 verbose reify failed optional dependency /workspace/node_modules/vite/node_modules/lightningcss-linux-arm64-gnu
93 silly reify mark deleted [
93 silly reify   '/workspace/node_modules/vite/node_modules/lightningcss-linux-arm64-gnu'
93 silly reify ]
94 verbose reify failed optional dependency /workspace/node_modules/vite/node_modules/lightningcss-linux-arm-gnueabihf
95 silly reify mark deleted [
95 silly reify   '/workspace/node_modules/vite/node_modules/lightningcss-linux-arm-gnueabihf'
95 silly reify ]
96 verbose reify failed optional dependency /workspace/node_modules/vite/node_modules/lightningcss-freebsd-x64
97 silly reify mark deleted [
97 silly reify   '/workspace/node_modules/vite/node_modules/lightningcss-freebsd-x64'
97 silly reify ]
98 verbose reify failed optional dependency /workspace/node_modules/vite/node_modules/lightningcss-darwin-x64
99 silly reify mark deleted [ '/workspace/node_modules/vite/node_modules/lightningcss-darwin-x64' ]
100 verbose reify failed optional dependency /workspace/node_modules/vite/node_modules/lightningcss-darwin-arm64
101 silly reify mark deleted [
101 silly reify   '/workspace/node_modules/vite/node_modules/lightningcss-darwin-arm64'
101 silly reify ]
102 verbose reify failed optional dependency /workspace/node_modules/vite/node_modules/lightningcss-android-arm64
103 silly reify mark deleted [
103 silly reify   '/workspace/node_modules/vite/node_modules/lightningcss-android-arm64'
103 silly reify ]
104 verbose reify failed optional dependency /workspace/node_modules/lightningcss-win32-x64-msvc
105 silly reify mark deleted [ '/workspace/node_modules/lightningcss-win32-x64-msvc' ]
106 verbose reify failed optional dependency /workspace/node_modules/lightningcss-win32-arm64-msvc
107 silly reify mark deleted [ '/workspace/node_modules/lightningcss-win32-arm64-msvc' ]
108 verbose reify failed optional dependency /workspace/node_modules/lightningcss-linux-x64-musl
109 silly reify mark deleted [ '/workspace/node_modules/lightningcss-linux-x64-musl' ]
110 verbose reify failed optional dependency /workspace/node_modules/lightningcss-linux-arm64-musl
111 silly reify mark deleted [ '/workspace/node_modules/lightningcss-linux-arm64-musl' ]
112 verbose reify failed optional dependency /workspace/node_modules/lightningcss-linux-arm64-gnu
113 silly reify mark deleted [ '/workspace/node_modules/lightningcss-linux-arm64-gnu' ]
114 verbose reify failed optional dependency /workspace/node_modules/lightningcss-linux-arm-gnueabihf
115 silly reify mark deleted [ '/workspace/node_modules/lightningcss-linux-arm-gnueabihf' ]
116 verbose reify failed optional dependency /workspace/node_modules/lightningcss-freebsd-x64
117 silly reify mark deleted [ '/workspace/node_modules/lightningcss-freebsd-x64' ]
118 verbose reify failed optional dependency /workspace/node_modules/lightningcss-darwin-x64
119 silly reify mark deleted [ '/workspace/node_modules/lightningcss-darwin-x64' ]
120 verbose reify failed optional dependency /workspace/node_modules/lightningcss-darwin-arm64
121 silly reify mark deleted [ '/workspace/node_modules/lightningcss-darwin-arm64' ]
122 verbose reify failed optional dependency /workspace/node_modules/lightningcss-android-arm64
123 silly reify mark deleted [ '/workspace/node_modules/lightningcss-android-arm64' ]
124 verbose reify failed optional dependency /workspace/node_modules/fsevents
125 silly reify mark deleted [ '/workspace/node_modules/fsevents' ]
126 verbose reify failed optional dependency /workspace/node_modules/drizzle-kit/node_modules/@esbuild/win32-x64
127 silly reify mark deleted [
127 silly reify   '/workspace/node_modules/drizzle-kit/node_modules/@esbuild/win32-x64'
127 silly reify ]
128 verbose reify failed optional dependency /workspace/node_modules/drizzle-kit/node_modules/@esbuild/win32-ia32
129 silly reify mark deleted [
129 silly reify   '/workspace/node_modules/drizzle-kit/node_modules/@esbuild/win32-ia32'
129 silly reify ]
130 verbose reify failed optional dependency /workspace/node_modules/drizzle-kit/node_modules/@esbuild/win32-arm64
131 silly reify mark deleted [
131 silly reify   '/workspace/node_modules/drizzle-kit/node_modules/@esbuild/win32-arm64'
131 silly reify ]
132 verbose reify failed optional dependency /workspace/node_modules/drizzle-kit/node_modules/@esbuild/sunos-x64
133 silly reify mark deleted [
133 silly reify   '/workspace/node_modules/drizzle-kit/node_modules/@esbuild/sunos-x64'
133 silly reify ]
134 verbose reify failed optional dependency /workspace/node_modules/drizzle-kit/node_modules/@esbuild/openharmony-arm64
135 silly reify mark deleted [
135 silly reify   '/workspace/node_modules/drizzle-kit/node_modules/@esbuild/openharmony-arm64'
135 silly reify ]
136 verbose reify failed optional dependency /workspace/node_modules/drizzle-kit/node_modules/@esbuild/openbsd-x64
137 silly reify mark deleted [
137 silly reify   '/workspace/node_modules/drizzle-kit/node_modules/@esbuild/openbsd-x64'
137 silly reify ]
138 verbose reify failed optional dependency /workspace/node_modules/drizzle-kit/node_modules/@esbuild/openbsd-arm64
139 silly reify mark deleted [
139 silly reify   '/workspace/node_modules/drizzle-kit/node_modules/@esbuild/openbsd-arm64'
139 silly reify ]
140 verbose reify failed optional dependency /workspace/node_modules/drizzle-kit/node_modules/@esbuild/netbsd-x64
141 silly reify mark deleted [
141 silly reify   '/workspace/node_modules/drizzle-kit/node_modules/@esbuild/netbsd-x64'
141 silly reify ]
142 verbose reify failed optional dependency /workspace/node_modules/drizzle-kit/node_modules/@esbuild/netbsd-arm64
143 silly reify mark deleted [
143 silly reify   '/workspace/node_modules/drizzle-kit/node_modules/@esbuild/netbsd-arm64'
143 silly reify ]
144 verbose reify failed optional dependency /workspace/node_modules/drizzle-kit/node_modules/@esbuild/linux-s390x
145 silly reify mark deleted [
145 silly reify   '/workspace/node_modules/drizzle-kit/node_modules/@esbuild/linux-s390x'
145 silly reify ]
146 verbose reify failed optional dependency /workspace/node_modules/drizzle-kit/node_modules/@esbuild/linux-riscv64
147 silly reify mark deleted [
147 silly reify   '/workspace/node_modules/drizzle-kit/node_modules/@esbuild/linux-riscv64'
147 silly reify ]
148 verbose reify failed optional dependency /workspace/node_modules/drizzle-kit/node_modules/@esbuild/linux-ppc64
149 silly reify mark deleted [
149 silly reify   '/workspace/node_modules/drizzle-kit/node_modules/@esbuild/linux-ppc64'
149 silly reify ]
150 verbose reify failed optional dependency /workspace/node_modules/drizzle-kit/node_modules/@esbuild/linux-mips64el
151 silly reify mark deleted [
151 silly reify   '/workspace/node_modules/drizzle-kit/node_modules/@esbuild/linux-mips64el'
151 silly reify ]
152 verbose reify failed optional dependency /workspace/node_modules/drizzle-kit/node_modules/@esbuild/linux-loong64
153 silly reify mark deleted [
153 silly reify   '/workspace/node_modules/drizzle-kit/node_modules/@esbuild/linux-loong64'
153 silly reify ]
154 verbose reify failed optional dependency /workspace/node_modules/drizzle-kit/node_modules/@esbuild/linux-ia32
155 silly reify mark deleted [
155 silly reify   '/workspace/node_modules/drizzle-kit/node_modules/@esbuild/linux-ia32'
155 silly reify ]
156 verbose reify failed optional dependency /workspace/node_modules/drizzle-kit/node_modules/@esbuild/linux-arm64
157 silly reify mark deleted [
157 silly reify   '/workspace/node_modules/drizzle-kit/node_modules/@esbuild/linux-arm64'
157 silly reify ]
158 verbose reify failed optional dependency /workspace/node_modules/drizzle-kit/node_modules/@esbuild/linux-arm
159 silly reify mark deleted [
159 silly reify   '/workspace/node_modules/drizzle-kit/node_modules/@esbuild/linux-arm'
159 silly reify ]
160 verbose reify failed optional dependency /workspace/node_modules/drizzle-kit/node_modules/@esbuild/freebsd-x64
161 silly reify mark deleted [
161 silly reify   '/workspace/node_modules/drizzle-kit/node_modules/@esbuild/freebsd-x64'
161 silly reify ]
162 verbose reify failed optional dependency /workspace/node_modules/drizzle-kit/node_modules/@esbuild/freebsd-arm64
163 silly reify mark deleted [
163 silly reify   '/workspace/node_modules/drizzle-kit/node_modules/@esbuild/freebsd-arm64'
163 silly reify ]
164 verbose reify failed optional dependency /workspace/node_modules/drizzle-kit/node_modules/@esbuild/darwin-x64
165 silly reify mark deleted [
165 silly reify   '/workspace/node_modules/drizzle-kit/node_modules/@esbuild/darwin-x64'
165 silly reify ]
166 verbose reify failed optional dependency /workspace/node_modules/drizzle-kit/node_modules/@esbuild/darwin-arm64
167 silly reify mark deleted [
167 silly reify   '/workspace/node_modules/drizzle-kit/node_modules/@esbuild/darwin-arm64'
167 silly reify ]
168 verbose reify failed optional dependency /workspace/node_modules/drizzle-kit/node_modules/@esbuild/android-x64
169 silly reify mark deleted [
169 silly reify   '/workspace/node_modules/drizzle-kit/node_modules/@esbuild/android-x64'
169 silly reify ]
170 verbose reify failed optional dependency /workspace/node_modules/drizzle-kit/node_modules/@esbuild/android-arm64
171 silly reify mark deleted [
171 silly reify   '/workspace/node_modules/drizzle-kit/node_modules/@esbuild/android-arm64'
171 silly reify ]
172 verbose reify failed optional dependency /workspace/node_modules/drizzle-kit/node_modules/@esbuild/android-arm
173 silly reify mark deleted [
173 silly reify   '/workspace/node_modules/drizzle-kit/node_modules/@esbuild/android-arm'
173 silly reify ]
174 verbose reify failed optional dependency /workspace/node_modules/drizzle-kit/node_modules/@esbuild/aix-ppc64
175 silly reify mark deleted [
175 silly reify   '/workspace/node_modules/drizzle-kit/node_modules/@esbuild/aix-ppc64'
175 silly reify ]
176 verbose reify failed optional dependency /workspace/node_modules/@unrs/resolver-binding-win32-x64-msvc
177 silly reify mark deleted [ '/workspace/node_modules/@unrs/resolver-binding-win32-x64-msvc' ]
178 verbose reify failed optional dependency /workspace/node_modules/@unrs/resolver-binding-win32-ia32-msvc
179 silly reify mark deleted [ '/workspace/node_modules/@unrs/resolver-binding-win32-ia32-msvc' ]
180 verbose reify failed optional dependency /workspace/node_modules/@unrs/resolver-binding-win32-arm64-msvc
181 silly reify mark deleted [ '/workspace/node_modules/@unrs/resolver-binding-win32-arm64-msvc' ]
182 verbose reify failed optional dependency /workspace/node_modules/@unrs/resolver-binding-wasm32-wasi
183 silly reify mark deleted [ '/workspace/node_modules/@unrs/resolver-binding-wasm32-wasi' ]
184 verbose reify failed optional dependency /workspace/node_modules/@napi-rs/wasm-runtime
185 silly reify mark deleted [ '/workspace/node_modules/@napi-rs/wasm-runtime' ]
186 verbose reify failed optional dependency /workspace/node_modules/@unrs/resolver-binding-linux-x64-musl
187 silly reify mark deleted [ '/workspace/node_modules/@unrs/resolver-binding-linux-x64-musl' ]
188 verbose reify failed optional dependency /workspace/node_modules/@unrs/resolver-binding-linux-s390x-gnu
189 silly reify mark deleted [ '/workspace/node_modules/@unrs/resolver-binding-linux-s390x-gnu' ]
190 verbose reify failed optional dependency /workspace/node_modules/@unrs/resolver-binding-linux-riscv64-musl
191 silly reify mark deleted [ '/workspace/node_modules/@unrs/resolver-binding-linux-riscv64-musl' ]
192 verbose reify failed optional dependency /workspace/node_modules/@unrs/resolver-binding-linux-riscv64-gnu
193 silly reify mark deleted [ '/workspace/node_modules/@unrs/resolver-binding-linux-riscv64-gnu' ]
194 verbose reify failed optional dependency /workspace/node_modules/@unrs/resolver-binding-linux-ppc64-gnu
195 silly reify mark deleted [ '/workspace/node_modules/@unrs/resolver-binding-linux-ppc64-gnu' ]
196 verbose reify failed optional dependency /workspace/node_modules/@unrs/resolver-binding-linux-arm64-musl
197 silly reify mark deleted [ '/workspace/node_modules/@unrs/resolver-binding-linux-arm64-musl' ]
198 verbose reify failed optional dependency /workspace/node_modules/@unrs/resolver-binding-linux-arm64-gnu
199 silly reify mark deleted [ '/workspace/node_modules/@unrs/resolver-binding-linux-arm64-gnu' ]
200 verbose reify failed optional dependency /workspace/node_modules/@unrs/resolver-binding-linux-arm-musleabihf
201 silly reify mark deleted [
201 silly reify   '/workspace/node_modules/@unrs/resolver-binding-linux-arm-musleabihf'
201 silly reify ]
202 verbose reify failed optional dependency /workspace/node_modules/@unrs/resolver-binding-linux-arm-gnueabihf
203 silly reify mark deleted [
203 silly reify   '/workspace/node_modules/@unrs/resolver-binding-linux-arm-gnueabihf'
203 silly reify ]
204 verbose reify failed optional dependency /workspace/node_modules/@unrs/resolver-binding-freebsd-x64
205 silly reify mark deleted [ '/workspace/node_modules/@unrs/resolver-binding-freebsd-x64' ]
206 verbose reify failed optional dependency /workspace/node_modules/@unrs/resolver-binding-darwin-x64
207 silly reify mark deleted [ '/workspace/node_modules/@unrs/resolver-binding-darwin-x64' ]
208 verbose reify failed optional dependency /workspace/node_modules/@unrs/resolver-binding-darwin-arm64
209 silly reify mark deleted [ '/workspace/node_modules/@unrs/resolver-binding-darwin-arm64' ]
210 verbose reify failed optional dependency /workspace/node_modules/@unrs/resolver-binding-android-arm64
211 silly reify mark deleted [ '/workspace/node_modules/@unrs/resolver-binding-android-arm64' ]
212 verbose reify failed optional dependency /workspace/node_modules/@unrs/resolver-binding-android-arm-eabi
213 silly reify mark deleted [ '/workspace/node_modules/@unrs/resolver-binding-android-arm-eabi' ]
214 verbose reify failed optional dependency /workspace/node_modules/@tailwindcss/oxide-win32-x64-msvc
215 silly reify mark deleted [ '/workspace/node_modules/@tailwindcss/oxide-win32-x64-msvc' ]
216 verbose reify failed optional dependency /workspace/node_modules/@tailwindcss/oxide-win32-arm64-msvc
217 silly reify mark deleted [ '/workspace/node_modules/@tailwindcss/oxide-win32-arm64-msvc' ]
218 verbose reify failed optional dependency /workspace/node_modules/@tailwindcss/oxide-linux-x64-musl
219 silly reify mark deleted [ '/workspace/node_modules/@tailwindcss/oxide-linux-x64-musl' ]
220 verbose reify failed optional dependency /workspace/node_modules/@tailwindcss/oxide-linux-arm64-musl
221 silly reify mark deleted [ '/workspace/node_modules/@tailwindcss/oxide-linux-arm64-musl' ]
222 verbose reify failed optional dependency /workspace/node_modules/@tailwindcss/oxide-linux-arm64-gnu
223 silly reify mark deleted [ '/workspace/node_modules/@tailwindcss/oxide-linux-arm64-gnu' ]
224 verbose reify failed optional dependency /workspace/node_modules/@tailwindcss/oxide-linux-arm-gnueabihf
225 silly reify mark deleted [ '/workspace/node_modules/@tailwindcss/oxide-linux-arm-gnueabihf' ]
226 verbose reify failed optional dependency /workspace/node_modules/@tailwindcss/oxide-freebsd-x64
227 silly reify mark deleted [ '/workspace/node_modules/@tailwindcss/oxide-freebsd-x64' ]
228 verbose reify failed optional dependency /workspace/node_modules/@tailwindcss/oxide-darwin-x64
229 silly reify mark deleted [ '/workspace/node_modules/@tailwindcss/oxide-darwin-x64' ]
230 verbose reify failed optional dependency /workspace/node_modules/@tailwindcss/oxide-darwin-arm64
231 silly reify mark deleted [ '/workspace/node_modules/@tailwindcss/oxide-darwin-arm64' ]
232 verbose reify failed optional dependency /workspace/node_modules/@tailwindcss/oxide-android-arm64
233 silly reify mark deleted [ '/workspace/node_modules/@tailwindcss/oxide-android-arm64' ]
234 verbose reify failed optional dependency /workspace/node_modules/@rolldown/binding-win32-x64-msvc
235 silly reify mark deleted [ '/workspace/node_modules/@rolldown/binding-win32-x64-msvc' ]
236 verbose reify failed optional dependency /workspace/node_modules/@rolldown/binding-win32-arm64-msvc
237 silly reify mark deleted [ '/workspace/node_modules/@rolldown/binding-win32-arm64-msvc' ]
238 verbose reify failed optional dependency /workspace/node_modules/@rolldown/binding-wasm32-wasi
239 silly reify mark deleted [ '/workspace/node_modules/@rolldown/binding-wasm32-wasi' ]
240 verbose reify failed optional dependency /workspace/node_modules/@rolldown/binding-wasm32-wasi/node_modules/@napi-rs/wasm-runtime
241 silly reify mark deleted [
241 silly reify   '/workspace/node_modules/@rolldown/binding-wasm32-wasi/node_modules/@napi-rs/wasm-runtime'
241 silly reify ]
242 verbose reify failed optional dependency /workspace/node_modules/@rolldown/binding-openharmony-arm64
243 silly reify mark deleted [ '/workspace/node_modules/@rolldown/binding-openharmony-arm64' ]
244 verbose reify failed optional dependency /workspace/node_modules/@rolldown/binding-linux-x64-musl
245 silly reify mark deleted [ '/workspace/node_modules/@rolldown/binding-linux-x64-musl' ]
246 verbose reify failed optional dependency /workspace/node_modules/@rolldown/binding-linux-s390x-gnu
247 silly reify mark deleted [ '/workspace/node_modules/@rolldown/binding-linux-s390x-gnu' ]
248 verbose reify failed optional dependency /workspace/node_modules/@rolldown/binding-linux-ppc64-gnu
249 silly reify mark deleted [ '/workspace/node_modules/@rolldown/binding-linux-ppc64-gnu' ]
250 verbose reify failed optional dependency /workspace/node_modules/@rolldown/binding-linux-arm64-musl
251 silly reify mark deleted [ '/workspace/node_modules/@rolldown/binding-linux-arm64-musl' ]
252 verbose reify failed optional dependency /workspace/node_modules/@rolldown/binding-linux-arm64-gnu
253 silly reify mark deleted [ '/workspace/node_modules/@rolldown/binding-linux-arm64-gnu' ]
254 verbose reify failed optional dependency /workspace/node_modules/@rolldown/binding-linux-arm-gnueabihf
255 silly reify mark deleted [ '/workspace/node_modules/@rolldown/binding-linux-arm-gnueabihf' ]
256 verbose reify failed optional dependency /workspace/node_modules/@rolldown/binding-freebsd-x64
257 silly reify mark deleted [ '/workspace/node_modules/@rolldown/binding-freebsd-x64' ]
258 verbose reify failed optional dependency /workspace/node_modules/@rolldown/binding-darwin-x64
259 silly reify mark deleted [ '/workspace/node_modules/@rolldown/binding-darwin-x64' ]
260 verbose reify failed optional dependency /workspace/node_modules/@rolldown/binding-darwin-arm64
261 silly reify mark deleted [ '/workspace/node_modules/@rolldown/binding-darwin-arm64' ]
262 verbose reify failed optional dependency /workspace/node_modules/@rolldown/binding-android-arm64
263 silly reify mark deleted [ '/workspace/node_modules/@rolldown/binding-android-arm64' ]
264 verbose reify failed optional dependency /workspace/node_modules/@next/swc-win32-x64-msvc
265 silly reify mark deleted [ '/workspace/node_modules/@next/swc-win32-x64-msvc' ]
266 verbose reify failed optional dependency /workspace/node_modules/@next/swc-win32-arm64-msvc
267 silly reify mark deleted [ '/workspace/node_modules/@next/swc-win32-arm64-msvc' ]
268 verbose reify failed optional dependency /workspace/node_modules/@next/swc-linux-x64-musl
269 silly reify mark deleted [ '/workspace/node_modules/@next/swc-linux-x64-musl' ]
270 verbose reify failed optional dependency /workspace/node_modules/@next/swc-linux-arm64-musl
271 silly reify mark deleted [ '/workspace/node_modules/@next/swc-linux-arm64-musl' ]
272 verbose reify failed optional dependency /workspace/node_modules/@next/swc-linux-arm64-gnu
273 silly reify mark deleted [ '/workspace/node_modules/@next/swc-linux-arm64-gnu' ]
274 verbose reify failed optional dependency /workspace/node_modules/@next/swc-darwin-x64
275 silly reify mark deleted [ '/workspace/node_modules/@next/swc-darwin-x64' ]
276 verbose reify failed optional dependency /workspace/node_modules/@next/swc-darwin-arm64
277 silly reify mark deleted [ '/workspace/node_modules/@next/swc-darwin-arm64' ]
278 verbose reify failed optional dependency /workspace/node_modules/@img/sharp-win32-x64
279 silly reify mark deleted [ '/workspace/node_modules/@img/sharp-win32-x64' ]
280 verbose reify failed optional dependency /workspace/node_modules/@img/sharp-win32-ia32
281 silly reify mark deleted [ '/workspace/node_modules/@img/sharp-win32-ia32' ]
282 verbose reify failed optional dependency /workspace/node_modules/@img/sharp-win32-arm64
283 silly reify mark deleted [ '/workspace/node_modules/@img/sharp-win32-arm64' ]
284 verbose reify failed optional dependency /workspace/node_modules/@img/sharp-wasm32
285 silly reify mark deleted [ '/workspace/node_modules/@img/sharp-wasm32' ]
286 verbose reify failed optional dependency /workspace/node_modules/@img/sharp-linuxmusl-x64
287 silly reify mark deleted [ '/workspace/node_modules/@img/sharp-linuxmusl-x64' ]
288 verbose reify failed optional dependency /workspace/node_modules/@img/sharp-linuxmusl-arm64
289 silly reify mark deleted [ '/workspace/node_modules/@img/sharp-linuxmusl-arm64' ]
290 verbose reify failed optional dependency /workspace/node_modules/@img/sharp-linux-s390x
291 silly reify mark deleted [ '/workspace/node_modules/@img/sharp-linux-s390x' ]
292 verbose reify failed optional dependency /workspace/node_modules/@img/sharp-linux-riscv64
293 silly reify mark deleted [ '/workspace/node_modules/@img/sharp-linux-riscv64' ]
294 verbose reify failed optional dependency /workspace/node_modules/@img/sharp-linux-ppc64
295 silly reify mark deleted [ '/workspace/node_modules/@img/sharp-linux-ppc64' ]
296 verbose reify failed optional dependency /workspace/node_modules/@img/sharp-linux-arm64
297 silly reify mark deleted [ '/workspace/node_modules/@img/sharp-linux-arm64' ]
298 verbose reify failed optional dependency /workspace/node_modules/@img/sharp-linux-arm
299 silly reify mark deleted [ '/workspace/node_modules/@img/sharp-linux-arm' ]
300 verbose reify failed optional dependency /workspace/node_modules/@img/sharp-libvips-linuxmusl-x64
301 silly reify mark deleted [ '/workspace/node_modules/@img/sharp-libvips-linuxmusl-x64' ]
302 verbose reify failed optional dependency /workspace/node_modules/@img/sharp-libvips-linuxmusl-arm64
303 silly reify mark deleted [ '/workspace/node_modules/@img/sharp-libvips-linuxmusl-arm64' ]
304 verbose reify failed optional dependency /workspace/node_modules/@img/sharp-libvips-linux-s390x
305 silly reify mark deleted [ '/workspace/node_modules/@img/sharp-libvips-linux-s390x' ]
306 verbose reify failed optional dependency /workspace/node_modules/@img/sharp-libvips-linux-riscv64
307 silly reify mark deleted [ '/workspace/node_modules/@img/sharp-libvips-linux-riscv64' ]
308 verbose reify failed optional dependency /workspace/node_modules/@img/sharp-libvips-linux-ppc64
309 silly reify mark deleted [ '/workspace/node_modules/@img/sharp-libvips-linux-ppc64' ]
310 verbose reify failed optional dependency /workspace/node_modules/@img/sharp-libvips-linux-arm64
311 silly reify mark deleted [ '/workspace/node_modules/@img/sharp-libvips-linux-arm64' ]
312 verbose reify failed optional dependency /workspace/node_modules/@img/sharp-libvips-linux-arm
313 silly reify mark deleted [ '/workspace/node_modules/@img/sharp-libvips-linux-arm' ]
314 verbose reify failed optional dependency /workspace/node_modules/@img/sharp-libvips-darwin-x64
315 silly reify mark deleted [ '/workspace/node_modules/@img/sharp-libvips-darwin-x64' ]
316 verbose reify failed optional dependency /workspace/node_modules/@img/sharp-libvips-darwin-arm64
317 silly reify mark deleted [ '/workspace/node_modules/@img/sharp-libvips-darwin-arm64' ]
318 verbose reify failed optional dependency /workspace/node_modules/@img/sharp-darwin-x64
319 silly reify mark deleted [ '/workspace/node_modules/@img/sharp-darwin-x64' ]
320 verbose reify failed optional dependency /workspace/node_modules/@img/sharp-darwin-arm64
321 silly reify mark deleted [ '/workspace/node_modules/@img/sharp-darwin-arm64' ]
322 verbose reify failed optional dependency /workspace/node_modules/@esbuild/win32-x64
323 silly reify mark deleted [ '/workspace/node_modules/@esbuild/win32-x64' ]
324 verbose reify failed optional dependency /workspace/node_modules/@esbuild/win32-ia32
325 silly reify mark deleted [ '/workspace/node_modules/@esbuild/win32-ia32' ]
326 verbose reify failed optional dependency /workspace/node_modules/@esbuild/win32-arm64
327 silly reify mark deleted [ '/workspace/node_modules/@esbuild/win32-arm64' ]
328 verbose reify failed optional dependency /workspace/node_modules/@esbuild/sunos-x64
329 silly reify mark deleted [ '/workspace/node_modules/@esbuild/sunos-x64' ]
330 verbose reify failed optional dependency /workspace/node_modules/@esbuild/openharmony-arm64
331 silly reify mark deleted [ '/workspace/node_modules/@esbuild/openharmony-arm64' ]
332 verbose reify failed optional dependency /workspace/node_modules/@esbuild/openbsd-x64
333 silly reify mark deleted [ '/workspace/node_modules/@esbuild/openbsd-x64' ]
334 verbose reify failed optional dependency /workspace/node_modules/@esbuild/openbsd-arm64
335 silly reify mark deleted [ '/workspace/node_modules/@esbuild/openbsd-arm64' ]
336 verbose reify failed optional dependency /workspace/node_modules/@esbuild/netbsd-x64
337 silly reify mark deleted [ '/workspace/node_modules/@esbuild/netbsd-x64' ]
338 verbose reify failed optional dependency /workspace/node_modules/@esbuild/netbsd-arm64
339 silly reify mark deleted [ '/workspace/node_modules/@esbuild/netbsd-arm64' ]
340 verbose reify failed optional dependency /workspace/node_modules/@esbuild/linux-s390x
341 silly reify mark deleted [ '/workspace/node_modules/@esbuild/linux-s390x' ]
342 verbose reify failed optional dependency /workspace/node_modules/@esbuild/linux-riscv64
343 silly reify mark deleted [ '/workspace/node_modules/@esbuild/linux-riscv64' ]
344 verbose reify failed optional dependency /workspace/node_modules/@esbuild/linux-ppc64
345 silly reify mark deleted [ '/workspace/node_modules/@esbuild/linux-ppc64' ]
346 verbose reify failed optional dependency /workspace/node_modules/@esbuild/linux-mips64el
347 silly reify mark deleted [ '/workspace/node_modules/@esbuild/linux-mips64el' ]
348 verbose reify failed optional dependency /workspace/node_modules/@esbuild/linux-loong64
349 silly reify mark deleted [ '/workspace/node_modules/@esbuild/linux-loong64' ]
350 verbose reify failed optional dependency /workspace/node_modules/@esbuild/linux-ia32
351 silly reify mark deleted [ '/workspace/node_modules/@esbuild/linux-ia32' ]
352 verbose reify failed optional dependency /workspace/node_modules/@esbuild/linux-arm64
353 silly reify mark deleted [ '/workspace/node_modules/@esbuild/linux-arm64' ]
354 verbose reify failed optional dependency /workspace/node_modules/@esbuild/linux-arm
355 silly reify mark deleted [ '/workspace/node_modules/@esbuild/linux-arm' ]
356 verbose reify failed optional dependency /workspace/node_modules/@esbuild/freebsd-x64
357 silly reify mark deleted [ '/workspace/node_modules/@esbuild/freebsd-x64' ]
358 verbose reify failed optional dependency /workspace/node_modules/@esbuild/freebsd-arm64
359 silly reify mark deleted [ '/workspace/node_modules/@esbuild/freebsd-arm64' ]
360 verbose reify failed optional dependency /workspace/node_modules/@esbuild/darwin-x64
361 silly reify mark deleted [ '/workspace/node_modules/@esbuild/darwin-x64' ]
362 verbose reify failed optional dependency /workspace/node_modules/@esbuild/darwin-arm64
363 silly reify mark deleted [ '/workspace/node_modules/@esbuild/darwin-arm64' ]
364 verbose reify failed optional dependency /workspace/node_modules/@esbuild/android-x64
365 silly reify mark deleted [ '/workspace/node_modules/@esbuild/android-x64' ]
366 verbose reify failed optional dependency /workspace/node_modules/@esbuild/android-arm64
367 silly reify mark deleted [ '/workspace/node_modules/@esbuild/android-arm64' ]
368 verbose reify failed optional dependency /workspace/node_modules/@esbuild/android-arm
369 silly reify mark deleted [ '/workspace/node_modules/@esbuild/android-arm' ]
370 verbose reify failed optional dependency /workspace/node_modules/@esbuild/aix-ppc64
371 silly reify mark deleted [ '/workspace/node_modules/@esbuild/aix-ppc64' ]
372 verbose reify failed optional dependency /workspace/node_modules/@esbuild-kit/core-utils/node_modules/@esbuild/win32-x64
373 silly reify mark deleted [
373 silly reify   '/workspace/node_modules/@esbuild-kit/core-utils/node_modules/@esbuild/win32-x64'
373 silly reify ]
374 verbose reify failed optional dependency /workspace/node_modules/@esbuild-kit/core-utils/node_modules/@esbuild/win32-ia32
375 silly reify mark deleted [
375 silly reify   '/workspace/node_modules/@esbuild-kit/core-utils/node_modules/@esbuild/win32-ia32'
375 silly reify ]
376 verbose reify failed optional dependency /workspace/node_modules/@esbuild-kit/core-utils/node_modules/@esbuild/win32-arm64
377 silly reify mark deleted [
377 silly reify   '/workspace/node_modules/@esbuild-kit/core-utils/node_modules/@esbuild/win32-arm64'
377 silly reify ]
378 verbose reify failed optional dependency /workspace/node_modules/@esbuild-kit/core-utils/node_modules/@esbuild/sunos-x64
379 silly reify mark deleted [
379 silly reify   '/workspace/node_modules/@esbuild-kit/core-utils/node_modules/@esbuild/sunos-x64'
379 silly reify ]
380 verbose reify failed optional dependency /workspace/node_modules/@esbuild-kit/core-utils/node_modules/@esbuild/openbsd-x64
381 silly reify mark deleted [
381 silly reify   '/workspace/node_modules/@esbuild-kit/core-utils/node_modules/@esbuild/openbsd-x64'
381 silly reify ]
382 verbose reify failed optional dependency /workspace/node_modules/@esbuild-kit/core-utils/node_modules/@esbuild/netbsd-x64
383 silly reify mark deleted [
383 silly reify   '/workspace/node_modules/@esbuild-kit/core-utils/node_modules/@esbuild/netbsd-x64'
383 silly reify ]
384 verbose reify failed optional dependency /workspace/node_modules/@esbuild-kit/core-utils/node_modules/@esbuild/linux-s390x
385 silly reify mark deleted [
385 silly reify   '/workspace/node_modules/@esbuild-kit/core-utils/node_modules/@esbuild/linux-s390x'
385 silly reify ]
386 verbose reify failed optional dependency /workspace/node_modules/@esbuild-kit/core-utils/node_modules/@esbuild/linux-riscv64
387 silly reify mark deleted [
387 silly reify   '/workspace/node_modules/@esbuild-kit/core-utils/node_modules/@esbuild/linux-riscv64'
387 silly reify ]
388 verbose reify failed optional dependency /workspace/node_modules/@esbuild-kit/core-utils/node_modules/@esbuild/linux-ppc64
389 silly reify mark deleted [
389 silly reify   '/workspace/node_modules/@esbuild-kit/core-utils/node_modules/@esbuild/linux-ppc64'
389 silly reify ]
390 verbose reify failed optional dependency /workspace/node_modules/@esbuild-kit/core-utils/node_modules/@esbuild/linux-mips64el
391 silly reify mark deleted [
391 silly reify   '/workspace/node_modules/@esbuild-kit/core-utils/node_modules/@esbuild/linux-mips64el'
391 silly reify ]
392 verbose reify failed optional dependency /workspace/node_modules/@esbuild-kit/core-utils/node_modules/@esbuild/linux-loong64
393 silly reify mark deleted [
393 silly reify   '/workspace/node_modules/@esbuild-kit/core-utils/node_modules/@esbuild/linux-loong64'
393 silly reify ]
394 verbose reify failed optional dependency /workspace/node_modules/@esbuild-kit/core-utils/node_modules/@esbuild/linux-ia32
395 silly reify mark deleted [
395 silly reify   '/workspace/node_modules/@esbuild-kit/core-utils/node_modules/@esbuild/linux-ia32'
395 silly reify ]
396 verbose reify failed optional dependency /workspace/node_modules/@esbuild-kit/core-utils/node_modules/@esbuild/linux-arm64
397 silly reify mark deleted [
397 silly reify   '/workspace/node_modules/@esbuild-kit/core-utils/node_modules/@esbuild/linux-arm64'
397 silly reify ]
398 verbose reify failed optional dependency /workspace/node_modules/@esbuild-kit/core-utils/node_modules/@esbuild/linux-arm
399 silly reify mark deleted [
399 silly reify   '/workspace/node_modules/@esbuild-kit/core-utils/node_modules/@esbuild/linux-arm'
399 silly reify ]
400 verbose reify failed optional dependency /workspace/node_modules/@esbuild-kit/core-utils/node_modules/@esbuild/freebsd-x64
401 silly reify mark deleted [
401 silly reify   '/workspace/node_modules/@esbuild-kit/core-utils/node_modules/@esbuild/freebsd-x64'
401 silly reify ]
402 verbose reify failed optional dependency /workspace/node_modules/@esbuild-kit/core-utils/node_modules/@esbuild/freebsd-arm64
403 silly reify mark deleted [
403 silly reify   '/workspace/node_modules/@esbuild-kit/core-utils/node_modules/@esbuild/freebsd-arm64'
403 silly reify ]
404 verbose reify failed optional dependency /workspace/node_modules/@esbuild-kit/core-utils/node_modules/@esbuild/darwin-x64
405 silly reify mark deleted [
405 silly reify   '/workspace/node_modules/@esbuild-kit/core-utils/node_modules/@esbuild/darwin-x64'
405 silly reify ]
406 verbose reify failed optional dependency /workspace/node_modules/@esbuild-kit/core-utils/node_modules/@esbuild/darwin-arm64
407 silly reify mark deleted [
407 silly reify   '/workspace/node_modules/@esbuild-kit/core-utils/node_modules/@esbuild/darwin-arm64'
407 silly reify ]
408 verbose reify failed optional dependency /workspace/node_modules/@esbuild-kit/core-utils/node_modules/@esbuild/android-x64
409 silly reify mark deleted [
409 silly reify   '/workspace/node_modules/@esbuild-kit/core-utils/node_modules/@esbuild/android-x64'
409 silly reify ]
410 verbose reify failed optional dependency /workspace/node_modules/@esbuild-kit/core-utils/node_modules/@esbuild/android-arm64
411 silly reify mark deleted [
411 silly reify   '/workspace/node_modules/@esbuild-kit/core-utils/node_modules/@esbuild/android-arm64'
411 silly reify ]
412 verbose reify failed optional dependency /workspace/node_modules/@esbuild-kit/core-utils/node_modules/@esbuild/android-arm
413 silly reify mark deleted [
413 silly reify   '/workspace/node_modules/@esbuild-kit/core-utils/node_modules/@esbuild/android-arm'
413 silly reify ]
414 verbose reify failed optional dependency /workspace/node_modules/@cloudflare/workerd-windows-64
415 silly reify mark deleted [ '/workspace/node_modules/@cloudflare/workerd-windows-64' ]
416 verbose reify failed optional dependency /workspace/node_modules/@cloudflare/workerd-linux-arm64
417 silly reify mark deleted [ '/workspace/node_modules/@cloudflare/workerd-linux-arm64' ]
418 verbose reify failed optional dependency /workspace/node_modules/@cloudflare/workerd-darwin-arm64
419 silly reify mark deleted [ '/workspace/node_modules/@cloudflare/workerd-darwin-arm64' ]
420 verbose reify failed optional dependency /workspace/node_modules/@cloudflare/workerd-darwin-64
421 silly reify mark deleted [ '/workspace/node_modules/@cloudflare/workerd-darwin-64' ]
422 silly tarball no local data for zod-validation-error@https://registry.npmjs.org/zod-validation-error/-/zod-validation-error-4.0.2.tgz. Extracting by manifest.
423 silly tarball no local data for zod@https://registry.npmjs.org/zod/-/zod-4.4.3.tgz. Extracting by manifest.
424 silly tarball no local data for youch-core@https://registry.npmjs.org/youch-core/-/youch-core-0.3.3.tgz. Extracting by manifest.
425 silly tarball no local data for youch@https://registry.npmjs.org/youch/-/youch-4.1.0-beta.10.tgz. Extracting by manifest.
426 silly tarball no local data for yoga-layout@https://registry.npmjs.org/yoga-layout/-/yoga-layout-3.2.1.tgz. Extracting by manifest.
427 silly tarball no local data for yocto-queue@https://registry.npmjs.org/yocto-queue/-/yocto-queue-0.1.0.tgz. Extracting by manifest.
428 silly tarball no local data for yallist@https://registry.npmjs.org/yallist/-/yallist-3.1.1.tgz. Extracting by manifest.
429 silly tarball no local data for ws@https://registry.npmjs.org/ws/-/ws-8.18.0.tgz. Extracting by manifest.
430 silly tarball no local data for wrangler@https://registry.npmjs.org/wrangler/-/wrangler-4.92.0.tgz. Extracting by manifest.
431 silly tarball no local data for workerd@https://registry.npmjs.org/workerd/-/workerd-1.20260515.1.tgz. Extracting by manifest.
432 silly tarball no local data for word-wrap@https://registry.npmjs.org/word-wrap/-/word-wrap-1.2.5.tgz. Extracting by manifest.
433 silly tarball no local data for which-typed-array@https://registry.npmjs.org/which-typed-array/-/which-typed-array-1.1.20.tgz. Extracting by manifest.
434 silly tarball no local data for which-collection@https://registry.npmjs.org/which-collection/-/which-collection-1.0.2.tgz. Extracting by manifest.
435 silly tarball no local data for which-builtin-type@https://registry.npmjs.org/which-builtin-type/-/which-builtin-type-1.2.1.tgz. Extracting by manifest.
436 silly tarball no local data for which-boxed-primitive@https://registry.npmjs.org/which-boxed-primitive/-/which-boxed-primitive-1.1.1.tgz. Extracting by manifest.
437 silly tarball no local data for which@https://registry.npmjs.org/which/-/which-2.0.2.tgz. Extracting by manifest.
438 silly tarball no local data for webpack-sources@https://registry.npmjs.org/webpack-sources/-/webpack-sources-3.4.1.tgz. Extracting by manifest.
439 silly tarball no local data for webpack@https://registry.npmjs.org/webpack/-/webpack-5.106.2.tgz. Extracting by manifest.
440 silly tarball no local data for web-vitals@https://registry.npmjs.org/web-vitals/-/web-vitals-4.2.4.tgz. Extracting by manifest.
441 silly tarball no local data for watchpack@https://registry.npmjs.org/watchpack/-/watchpack-2.5.1.tgz. Extracting by manifest.
442 silly tarball no local data for vitefu@https://registry.npmjs.org/vitefu/-/vitefu-1.1.3.tgz. Extracting by manifest.
443 silly tarball no local data for vite-tsconfig-paths@https://registry.npmjs.org/vite-tsconfig-paths/-/vite-tsconfig-paths-6.1.1.tgz. Extracting by manifest.
444 silly tarball no local data for vite-plugin-dynamic-import@https://registry.npmjs.org/vite-plugin-dynamic-import/-/vite-plugin-dynamic-import-1.6.0.tgz. Extracting by manifest.
445 silly tarball no local data for vite-plugin-commonjs@https://registry.npmjs.org/vite-plugin-commonjs/-/vite-plugin-commonjs-0.10.4.tgz. Extracting by manifest.
446 silly tarball no local data for vite@https://registry.npmjs.org/vite/-/vite-8.0.13.tgz. Extracting by manifest.
447 silly tarball no local data for vinext@https://registry.npmjs.org/vinext/-/vinext-0.0.50.tgz. Extracting by manifest.
448 silly tarball no local data for uri-js@https://registry.npmjs.org/uri-js/-/uri-js-4.4.1.tgz. Extracting by manifest.
449 silly tarball no local data for update-browserslist-db@https://registry.npmjs.org/update-browserslist-db/-/update-browserslist-db-1.2.3.tgz. Extracting by manifest.
450 silly tarball no local data for unrs-resolver@https://registry.npmjs.org/unrs-resolver/-/unrs-resolver-1.11.1.tgz. Extracting by manifest.
451 silly tarball no local data for unpic@https://registry.npmjs.org/unpic/-/unpic-4.2.2.tgz. Extracting by manifest.
452 silly tarball no local data for unicode-trie@https://registry.npmjs.org/unicode-trie/-/unicode-trie-2.0.0.tgz. Extracting by manifest.
453 silly tarball no local data for unenv@https://registry.npmjs.org/unenv/-/unenv-2.0.0-rc.24.tgz. Extracting by manifest.
454 silly tarball no local data for undici-types@https://registry.npmjs.org/undici-types/-/undici-types-6.21.0.tgz. Extracting by manifest.
455 silly tarball no local data for undici@https://registry.npmjs.org/undici/-/undici-7.24.8.tgz. Extracting by manifest.
456 silly tarball no local data for unbox-primitive@https://registry.npmjs.org/unbox-primitive/-/unbox-primitive-1.1.0.tgz. Extracting by manifest.
457 silly tarball no local data for typescript-eslint@https://registry.npmjs.org/typescript-eslint/-/typescript-eslint-8.59.3.tgz. Extracting by manifest.
458 silly tarball no local data for typescript@https://registry.npmjs.org/typescript/-/typescript-5.9.3.tgz. Extracting by manifest.
459 silly tarball no local data for typed-array-length@https://registry.npmjs.org/typed-array-length/-/typed-array-length-1.0.7.tgz. Extracting by manifest.
460 silly tarball no local data for typed-array-byte-offset@https://registry.npmjs.org/typed-array-byte-offset/-/typed-array-byte-offset-1.0.4.tgz. Extracting by manifest.
461 silly tarball no local data for typed-array-byte-length@https://registry.npmjs.org/typed-array-byte-length/-/typed-array-byte-length-1.0.3.tgz. Extracting by manifest.
462 silly tarball no local data for typed-array-buffer@https://registry.npmjs.org/typed-array-buffer/-/typed-array-buffer-1.0.3.tgz. Extracting by manifest.
463 silly tarball no local data for type-check@https://registry.npmjs.org/type-check/-/type-check-0.4.0.tgz. Extracting by manifest.
464 silly tarball no local data for turbo-stream@https://registry.npmjs.org/turbo-stream/-/turbo-stream-3.2.0.tgz. Extracting by manifest.
465 silly tarball no local data for tsx@https://registry.npmjs.org/tsx/-/tsx-4.22.1.tgz. Extracting by manifest.
466 silly tarball no local data for tslib@https://registry.npmjs.org/tslib/-/tslib-2.8.1.tgz. Extracting by manifest.
467 silly tarball no local data for tsconfig-paths@https://registry.npmjs.org/tsconfig-paths/-/tsconfig-paths-3.15.0.tgz. Extracting by manifest.
468 silly tarball no local data for tsconfck@https://registry.npmjs.org/tsconfck/-/tsconfck-3.1.6.tgz. Extracting by manifest.
469 silly tarball no local data for ts-api-utils@https://registry.npmjs.org/ts-api-utils/-/ts-api-utils-2.5.0.tgz. Extracting by manifest.
470 silly tarball no local data for to-regex-range@https://registry.npmjs.org/to-regex-range/-/to-regex-range-5.0.1.tgz. Extracting by manifest.
471 silly tarball no local data for tinyglobby@https://registry.npmjs.org/tinyglobby/-/tinyglobby-0.2.16.tgz. Extracting by manifest.
472 silly tarball no local data for tiny-inflate@https://registry.npmjs.org/tiny-inflate/-/tiny-inflate-1.0.3.tgz. Extracting by manifest.
473 silly tarball no local data for terser-webpack-plugin@https://registry.npmjs.org/terser-webpack-plugin/-/terser-webpack-plugin-5.6.0.tgz. Extracting by manifest.
474 silly tarball no local data for terser@https://registry.npmjs.org/terser/-/terser-5.47.1.tgz. Extracting by manifest.
475 silly tarball no local data for tapable@https://registry.npmjs.org/tapable/-/tapable-2.3.3.tgz. Extracting by manifest.
476 silly tarball no local data for tailwindcss@https://registry.npmjs.org/tailwindcss/-/tailwindcss-4.2.1.tgz. Extracting by manifest.
477 silly tarball no local data for supports-preserve-symlinks-flag@https://registry.npmjs.org/supports-preserve-symlinks-flag/-/supports-preserve-symlinks-flag-1.0.0.tgz. Extracting by manifest.
478 silly tarball no local data for supports-color@https://registry.npmjs.org/supports-color/-/supports-color-7.2.0.tgz. Extracting by manifest.
479 silly tarball no local data for styled-jsx@https://registry.npmjs.org/styled-jsx/-/styled-jsx-5.1.6.tgz. Extracting by manifest.
480 silly tarball no local data for strip-literal@https://registry.npmjs.org/strip-literal/-/strip-literal-3.1.0.tgz. Extracting by manifest.
481 silly tarball no local data for strip-json-comments@https://registry.npmjs.org/strip-json-comments/-/strip-json-comments-3.1.1.tgz. Extracting by manifest.
482 silly tarball no local data for strip-bom@https://registry.npmjs.org/strip-bom/-/strip-bom-3.0.0.tgz. Extracting by manifest.
483 silly tarball no local data for string.prototype.trimstart@https://registry.npmjs.org/string.prototype.trimstart/-/string.prototype.trimstart-1.0.8.tgz. Extracting by manifest.
484 silly tarball no local data for string.prototype.trimend@https://registry.npmjs.org/string.prototype.trimend/-/string.prototype.trimend-1.0.9.tgz. Extracting by manifest.
485 silly tarball no local data for string.prototype.trim@https://registry.npmjs.org/string.prototype.trim/-/string.prototype.trim-1.2.10.tgz. Extracting by manifest.
486 silly tarball no local data for string.prototype.repeat@https://registry.npmjs.org/string.prototype.repeat/-/string.prototype.repeat-1.0.0.tgz. Extracting by manifest.
487 silly tarball no local data for string.prototype.matchall@https://registry.npmjs.org/string.prototype.matchall/-/string.prototype.matchall-4.0.12.tgz. Extracting by manifest.
488 silly tarball no local data for string.prototype.includes@https://registry.npmjs.org/string.prototype.includes/-/string.prototype.includes-2.0.1.tgz. Extracting by manifest.
489 silly tarball no local data for string.prototype.codepointat@https://registry.npmjs.org/string.prototype.codepointat/-/string.prototype.codepointat-0.2.1.tgz. Extracting by manifest.
490 silly tarball no local data for stop-iteration-iterator@https://registry.npmjs.org/stop-iteration-iterator/-/stop-iteration-iterator-1.1.0.tgz. Extracting by manifest.
491 silly tarball no local data for stable-hash@https://registry.npmjs.org/stable-hash/-/stable-hash-0.0.5.tgz. Extracting by manifest.
492 silly tarball no local data for srvx@https://registry.npmjs.org/srvx/-/srvx-0.11.15.tgz. Extracting by manifest.
493 silly tarball no local data for source-map-support@https://registry.npmjs.org/source-map-support/-/source-map-support-0.5.21.tgz. Extracting by manifest.
494 silly tarball no local data for source-map-js@https://registry.npmjs.org/source-map-js/-/source-map-js-1.2.1.tgz. Extracting by manifest.
495 silly tarball no local data for source-map@https://registry.npmjs.org/source-map/-/source-map-0.6.1.tgz. Extracting by manifest.
496 silly tarball no local data for side-channel-weakmap@https://registry.npmjs.org/side-channel-weakmap/-/side-channel-weakmap-1.0.2.tgz. Extracting by manifest.
497 silly tarball no local data for side-channel-map@https://registry.npmjs.org/side-channel-map/-/side-channel-map-1.0.1.tgz. Extracting by manifest.
498 silly tarball no local data for side-channel-list@https://registry.npmjs.org/side-channel-list/-/side-channel-list-1.0.1.tgz. Extracting by manifest.
499 silly tarball no local data for side-channel@https://registry.npmjs.org/side-channel/-/side-channel-1.1.0.tgz. Extracting by manifest.
500 silly tarball no local data for shebang-regex@https://registry.npmjs.org/shebang-regex/-/shebang-regex-3.0.0.tgz. Extracting by manifest.
501 silly tarball no local data for shebang-command@https://registry.npmjs.org/shebang-command/-/shebang-command-2.0.0.tgz. Extracting by manifest.
502 silly tarball no local data for sharp@https://registry.npmjs.org/sharp/-/sharp-0.34.5.tgz. Extracting by manifest.
503 silly tarball no local data for set-proto@https://registry.npmjs.org/set-proto/-/set-proto-1.0.0.tgz. Extracting by manifest.
504 silly tarball no local data for set-function-name@https://registry.npmjs.org/set-function-name/-/set-function-name-2.0.2.tgz. Extracting by manifest.
505 silly tarball no local data for set-function-length@https://registry.npmjs.org/set-function-length/-/set-function-length-1.2.2.tgz. Extracting by manifest.
506 silly tarball no local data for semver@https://registry.npmjs.org/semver/-/semver-6.3.1.tgz. Extracting by manifest.
507 silly tarball no local data for schema-utils@https://registry.npmjs.org/schema-utils/-/schema-utils-4.3.3.tgz. Extracting by manifest.
508 silly tarball no local data for scheduler@https://registry.npmjs.org/scheduler/-/scheduler-0.27.0.tgz. Extracting by manifest.
509 silly tarball no local data for satori@https://registry.npmjs.org/satori/-/satori-0.16.0.tgz. Extracting by manifest.
510 silly tarball no local data for safe-regex-test@https://registry.npmjs.org/safe-regex-test/-/safe-regex-test-1.1.0.tgz. Extracting by manifest.
511 silly tarball no local data for safe-push-apply@https://registry.npmjs.org/safe-push-apply/-/safe-push-apply-1.0.0.tgz. Extracting by manifest.
512 silly tarball no local data for safe-array-concat@https://registry.npmjs.org/safe-array-concat/-/safe-array-concat-1.1.4.tgz. Extracting by manifest.
513 silly tarball no local data for run-parallel@https://registry.npmjs.org/run-parallel/-/run-parallel-1.2.0.tgz. Extracting by manifest.
514 silly tarball no local data for rolldown@https://registry.npmjs.org/rolldown/-/rolldown-1.0.1.tgz. Extracting by manifest.
515 silly tarball no local data for reusify@https://registry.npmjs.org/reusify/-/reusify-1.1.0.tgz. Extracting by manifest.
516 silly tarball no local data for resolve-pkg-maps@https://registry.npmjs.org/resolve-pkg-maps/-/resolve-pkg-maps-1.0.0.tgz. Extracting by manifest.
517 silly tarball no local data for resolve-from@https://registry.npmjs.org/resolve-from/-/resolve-from-4.0.0.tgz. Extracting by manifest.
518 silly tarball no local data for resolve@https://registry.npmjs.org/resolve/-/resolve-2.0.0-next.7.tgz. Extracting by manifest.
519 silly tarball no local data for require-from-string@https://registry.npmjs.org/require-from-string/-/require-from-string-2.0.2.tgz. Extracting by manifest.
520 silly tarball no local data for regexp.prototype.flags@https://registry.npmjs.org/regexp.prototype.flags/-/regexp.prototype.flags-1.5.4.tgz. Extracting by manifest.
521 silly tarball no local data for reflect.getprototypeof@https://registry.npmjs.org/reflect.getprototypeof/-/reflect.getprototypeof-1.0.10.tgz. Extracting by manifest.
522 silly tarball no local data for react-server-dom-webpack@https://registry.npmjs.org/react-server-dom-webpack/-/react-server-dom-webpack-19.2.6.tgz. Extracting by manifest.
523 silly tarball no local data for react-is@https://registry.npmjs.org/react-is/-/react-is-16.13.1.tgz. Extracting by manifest.
524 silly tarball no local data for react-dom@https://registry.npmjs.org/react-dom/-/react-dom-19.2.6.tgz. Extracting by manifest.
525 silly tarball no local data for react@https://registry.npmjs.org/react/-/react-19.2.6.tgz. Extracting by manifest.
526 silly tarball no local data for queue-microtask@https://registry.npmjs.org/queue-microtask/-/queue-microtask-1.2.3.tgz. Extracting by manifest.
527 silly tarball no local data for punycode@https://registry.npmjs.org/punycode/-/punycode-2.3.1.tgz. Extracting by manifest.
528 silly tarball no local data for prop-types@https://registry.npmjs.org/prop-types/-/prop-types-15.8.1.tgz. Extracting by manifest.
529 silly tarball no local data for prelude-ls@https://registry.npmjs.org/prelude-ls/-/prelude-ls-1.2.1.tgz. Extracting by manifest.
530 silly tarball no local data for postcss-value-parser@https://registry.npmjs.org/postcss-value-parser/-/postcss-value-parser-4.2.0.tgz. Extracting by manifest.
531 silly tarball no local data for postcss@https://registry.npmjs.org/postcss/-/postcss-8.5.14.tgz. Extracting by manifest.
532 silly tarball no local data for possible-typed-array-names@https://registry.npmjs.org/possible-typed-array-names/-/possible-typed-array-names-1.1.0.tgz. Extracting by manifest.
533 silly tarball no local data for picomatch@https://registry.npmjs.org/picomatch/-/picomatch-2.3.2.tgz. Extracting by manifest.
534 silly tarball no local data for picocolors@https://registry.npmjs.org/picocolors/-/picocolors-1.1.1.tgz. Extracting by manifest.
535 silly tarball no local data for pathe@https://registry.npmjs.org/pathe/-/pathe-2.0.3.tgz. Extracting by manifest.
536 silly tarball no local data for path-to-regexp@https://registry.npmjs.org/path-to-regexp/-/path-to-regexp-6.3.0.tgz. Extracting by manifest.
537 silly tarball no local data for path-parse@https://registry.npmjs.org/path-parse/-/path-parse-1.0.7.tgz. Extracting by manifest.
538 silly tarball no local data for path-key@https://registry.npmjs.org/path-key/-/path-key-3.1.1.tgz. Extracting by manifest.
539 silly tarball no local data for path-exists@https://registry.npmjs.org/path-exists/-/path-exists-4.0.0.tgz. Extracting by manifest.
540 silly tarball no local data for parse-css-color@https://registry.npmjs.org/parse-css-color/-/parse-css-color-0.2.1.tgz. Extracting by manifest.
541 silly tarball no local data for parent-module@https://registry.npmjs.org/parent-module/-/parent-module-1.0.1.tgz. Extracting by manifest.
542 silly tarball no local data for pako@https://registry.npmjs.org/pako/-/pako-0.2.9.tgz. Extracting by manifest.
543 silly tarball no local data for p-locate@https://registry.npmjs.org/p-locate/-/p-locate-5.0.0.tgz. Extracting by manifest.
544 silly tarball no local data for p-limit@https://registry.npmjs.org/p-limit/-/p-limit-3.1.0.tgz. Extracting by manifest.
545 silly tarball no local data for own-keys@https://registry.npmjs.org/own-keys/-/own-keys-1.0.1.tgz. Extracting by manifest.
546 silly tarball no local data for optionator@https://registry.npmjs.org/optionator/-/optionator-0.9.4.tgz. Extracting by manifest.
547 silly tarball no local data for object.values@https://registry.npmjs.org/object.values/-/object.values-1.2.1.tgz. Extracting by manifest.
548 silly tarball no local data for object.groupby@https://registry.npmjs.org/object.groupby/-/object.groupby-1.0.3.tgz. Extracting by manifest.
549 silly tarball no local data for object.fromentries@https://registry.npmjs.org/object.fromentries/-/object.fromentries-2.0.8.tgz. Extracting by manifest.
550 silly tarball no local data for object.entries@https://registry.npmjs.org/object.entries/-/object.entries-1.1.9.tgz. Extracting by manifest.
551 silly tarball no local data for object.assign@https://registry.npmjs.org/object.assign/-/object.assign-4.1.7.tgz. Extracting by manifest.
552 silly tarball no local data for object-keys@https://registry.npmjs.org/object-keys/-/object-keys-1.1.1.tgz. Extracting by manifest.
553 silly tarball no local data for object-inspect@https://registry.npmjs.org/object-inspect/-/object-inspect-1.13.4.tgz. Extracting by manifest.
554 silly tarball no local data for object-assign@https://registry.npmjs.org/object-assign/-/object-assign-4.1.1.tgz. Extracting by manifest.
555 silly tarball no local data for node-releases@https://registry.npmjs.org/node-releases/-/node-releases-2.0.44.tgz. Extracting by manifest.
556 silly tarball no local data for node-exports-info@https://registry.npmjs.org/node-exports-info/-/node-exports-info-1.6.0.tgz. Extracting by manifest.
557 silly tarball no local data for next@https://registry.npmjs.org/next/-/next-16.2.6.tgz. Extracting by manifest.
558 silly tarball no local data for neo-async@https://registry.npmjs.org/neo-async/-/neo-async-2.6.2.tgz. Extracting by manifest.
559 silly tarball no local data for natural-compare@https://registry.npmjs.org/natural-compare/-/natural-compare-1.4.0.tgz. Extracting by manifest.
560 silly tarball no local data for napi-postinstall@https://registry.npmjs.org/napi-postinstall/-/napi-postinstall-0.3.4.tgz. Extracting by manifest.
561 silly tarball no local data for nanoid@https://registry.npmjs.org/nanoid/-/nanoid-3.3.12.tgz. Extracting by manifest.
562 silly tarball no local data for ms@https://registry.npmjs.org/ms/-/ms-2.1.3.tgz. Extracting by manifest.
563 silly tarball no local data for minimist@https://registry.npmjs.org/minimist/-/minimist-1.2.8.tgz. Extracting by manifest.
564 silly tarball no local data for minimatch@https://registry.npmjs.org/minimatch/-/minimatch-3.1.5.tgz. Extracting by manifest.
565 silly tarball no local data for miniflare@https://registry.npmjs.org/miniflare/-/miniflare-4.20260515.0.tgz. Extracting by manifest.
566 silly tarball no local data for mime-db@https://registry.npmjs.org/mime-db/-/mime-db-1.54.0.tgz. Extracting by manifest.
567 silly tarball no local data for micromatch@https://registry.npmjs.org/micromatch/-/micromatch-4.0.8.tgz. Extracting by manifest.
568 silly tarball no local data for merge2@https://registry.npmjs.org/merge2/-/merge2-1.4.1.tgz. Extracting by manifest.
569 silly tarball no local data for merge-stream@https://registry.npmjs.org/merge-stream/-/merge-stream-2.0.0.tgz. Extracting by manifest.
570 silly tarball no local data for math-intrinsics@https://registry.npmjs.org/math-intrinsics/-/math-intrinsics-1.1.0.tgz. Extracting by manifest.
571 silly tarball no local data for magic-string@https://registry.npmjs.org/magic-string/-/magic-string-0.30.21.tgz. Extracting by manifest.
572 silly tarball no local data for lru-cache@https://registry.npmjs.org/lru-cache/-/lru-cache-5.1.1.tgz. Extracting by manifest.
573 silly tarball no local data for loose-envify@https://registry.npmjs.org/loose-envify/-/loose-envify-1.4.0.tgz. Extracting by manifest.
574 silly tarball no local data for lodash.merge@https://registry.npmjs.org/lodash.merge/-/lodash.merge-4.6.2.tgz. Extracting by manifest.
575 silly tarball no local data for locate-path@https://registry.npmjs.org/locate-path/-/locate-path-6.0.0.tgz. Extracting by manifest.
576 silly tarball no local data for loader-runner@https://registry.npmjs.org/loader-runner/-/loader-runner-4.3.2.tgz. Extracting by manifest.
577 silly tarball no local data for linebreak@https://registry.npmjs.org/linebreak/-/linebreak-1.1.0.tgz. Extracting by manifest.
578 silly tarball no local data for lightningcss-linux-x64-gnu@https://registry.npmjs.org/lightningcss-linux-x64-gnu/-/lightningcss-linux-x64-gnu-1.31.1.tgz. Extracting by manifest.
579 silly tarball no local data for lightningcss@https://registry.npmjs.org/lightningcss/-/lightningcss-1.31.1.tgz. Extracting by manifest.
580 silly tarball no local data for levn@https://registry.npmjs.org/levn/-/levn-0.4.1.tgz. Extracting by manifest.
581 silly tarball no local data for language-tags@https://registry.npmjs.org/language-tags/-/language-tags-1.0.9.tgz. Extracting by manifest.
582 silly tarball no local data for language-subtag-registry@https://registry.npmjs.org/language-subtag-registry/-/language-subtag-registry-0.3.23.tgz. Extracting by manifest.
583 silly tarball no local data for kleur@https://registry.npmjs.org/kleur/-/kleur-4.1.5.tgz. Extracting by manifest.
584 silly tarball no local data for keyv@https://registry.npmjs.org/keyv/-/keyv-4.5.4.tgz. Extracting by manifest.
585 silly tarball no local data for jsx-ast-utils@https://registry.npmjs.org/jsx-ast-utils/-/jsx-ast-utils-3.3.5.tgz. Extracting by manifest.
586 silly tarball no local data for json5@https://registry.npmjs.org/json5/-/json5-2.2.3.tgz. Extracting by manifest.
587 silly tarball no local data for json-stable-stringify-without-jsonify@https://registry.npmjs.org/json-stable-stringify-without-jsonify/-/json-stable-stringify-without-jsonify-1.0.1.tgz. Extracting by manifest.
588 silly tarball no local data for json-schema-traverse@https://registry.npmjs.org/json-schema-traverse/-/json-schema-traverse-0.4.1.tgz. Extracting by manifest.
589 silly tarball no local data for json-buffer@https://registry.npmjs.org/json-buffer/-/json-buffer-3.0.1.tgz. Extracting by manifest.
590 silly tarball no local data for jsesc@https://registry.npmjs.org/jsesc/-/jsesc-3.1.0.tgz. Extracting by manifest.
591 silly tarball no local data for js-yaml@https://registry.npmjs.org/js-yaml/-/js-yaml-4.1.1.tgz. Extracting by manifest.
592 silly tarball no local data for js-tokens@https://registry.npmjs.org/js-tokens/-/js-tokens-4.0.0.tgz. Extracting by manifest.
593 silly tarball no local data for jiti@https://registry.npmjs.org/jiti/-/jiti-2.7.0.tgz. Extracting by manifest.
594 silly tarball no local data for jest-worker@https://registry.npmjs.org/jest-worker/-/jest-worker-27.5.1.tgz. Extracting by manifest.
595 silly tarball no local data for iterator.prototype@https://registry.npmjs.org/iterator.prototype/-/iterator.prototype-1.1.5.tgz. Extracting by manifest.
596 silly tarball no local data for isexe@https://registry.npmjs.org/isexe/-/isexe-2.0.0.tgz. Extracting by manifest.
597 silly tarball no local data for isarray@https://registry.npmjs.org/isarray/-/isarray-2.0.5.tgz. Extracting by manifest.
598 silly tarball no local data for is-weakset@https://registry.npmjs.org/is-weakset/-/is-weakset-2.0.4.tgz. Extracting by manifest.
599 silly tarball no local data for is-weakref@https://registry.npmjs.org/is-weakref/-/is-weakref-1.1.1.tgz. Extracting by manifest.
600 silly tarball no local data for is-weakmap@https://registry.npmjs.org/is-weakmap/-/is-weakmap-2.0.2.tgz. Extracting by manifest.
601 silly tarball no local data for is-typed-array@https://registry.npmjs.org/is-typed-array/-/is-typed-array-1.1.15.tgz. Extracting by manifest.
602 silly tarball no local data for is-symbol@https://registry.npmjs.org/is-symbol/-/is-symbol-1.1.1.tgz. Extracting by manifest.
603 silly tarball no local data for is-string@https://registry.npmjs.org/is-string/-/is-string-1.1.1.tgz. Extracting by manifest.
604 silly tarball no local data for is-shared-array-buffer@https://registry.npmjs.org/is-shared-array-buffer/-/is-shared-array-buffer-1.0.4.tgz. Extracting by manifest.
605 silly tarball no local data for is-set@https://registry.npmjs.org/is-set/-/is-set-2.0.3.tgz. Extracting by manifest.
606 silly tarball no local data for is-regex@https://registry.npmjs.org/is-regex/-/is-regex-1.2.1.tgz. Extracting by manifest.
607 silly tarball no local data for is-number-object@https://registry.npmjs.org/is-number-object/-/is-number-object-1.1.1.tgz. Extracting by manifest.
608 silly tarball no local data for is-number@https://registry.npmjs.org/is-number/-/is-number-7.0.0.tgz. Extracting by manifest.
609 silly tarball no local data for is-negative-zero@https://registry.npmjs.org/is-negative-zero/-/is-negative-zero-2.0.3.tgz. Extracting by manifest.
610 silly tarball no local data for is-map@https://registry.npmjs.org/is-map/-/is-map-2.0.3.tgz. Extracting by manifest.
611 silly tarball no local data for is-glob@https://registry.npmjs.org/is-glob/-/is-glob-4.0.3.tgz. Extracting by manifest.
612 silly tarball no local data for is-generator-function@https://registry.npmjs.org/is-generator-function/-/is-generator-function-1.1.2.tgz. Extracting by manifest.
613 silly tarball no local data for is-finalizationregistry@https://registry.npmjs.org/is-finalizationregistry/-/is-finalizationregistry-1.1.1.tgz. Extracting by manifest.
614 silly tarball no local data for is-extglob@https://registry.npmjs.org/is-extglob/-/is-extglob-2.1.1.tgz. Extracting by manifest.
615 silly tarball no local data for is-date-object@https://registry.npmjs.org/is-date-object/-/is-date-object-1.1.0.tgz. Extracting by manifest.
616 silly tarball no local data for is-data-view@https://registry.npmjs.org/is-data-view/-/is-data-view-1.0.2.tgz. Extracting by manifest.
617 silly tarball no local data for is-core-module@https://registry.npmjs.org/is-core-module/-/is-core-module-2.16.2.tgz. Extracting by manifest.
618 silly tarball no local data for is-callable@https://registry.npmjs.org/is-callable/-/is-callable-1.2.7.tgz. Extracting by manifest.
619 silly tarball no local data for is-bun-module@https://registry.npmjs.org/is-bun-module/-/is-bun-module-2.0.0.tgz. Extracting by manifest.
620 silly tarball no local data for is-boolean-object@https://registry.npmjs.org/is-boolean-object/-/is-boolean-object-1.2.2.tgz. Extracting by manifest.
621 silly tarball no local data for is-bigint@https://registry.npmjs.org/is-bigint/-/is-bigint-1.1.0.tgz. Extracting by manifest.
622 silly tarball no local data for is-async-function@https://registry.npmjs.org/is-async-function/-/is-async-function-2.1.1.tgz. Extracting by manifest.
623 silly tarball no local data for is-array-buffer@https://registry.npmjs.org/is-array-buffer/-/is-array-buffer-3.0.5.tgz. Extracting by manifest.
624 silly tarball no local data for ipaddr.js@https://registry.npmjs.org/ipaddr.js/-/ipaddr.js-2.4.0.tgz. Extracting by manifest.
625 silly tarball no local data for internal-slot@https://registry.npmjs.org/internal-slot/-/internal-slot-1.1.0.tgz. Extracting by manifest.
626 silly tarball no local data for imurmurhash@https://registry.npmjs.org/imurmurhash/-/imurmurhash-0.1.4.tgz. Extracting by manifest.
627 silly tarball no local data for import-fresh@https://registry.npmjs.org/import-fresh/-/import-fresh-3.3.1.tgz. Extracting by manifest.
628 silly tarball no local data for image-size@https://registry.npmjs.org/image-size/-/image-size-2.0.2.tgz. Extracting by manifest.
629 silly tarball no local data for ignore@https://registry.npmjs.org/ignore/-/ignore-5.3.2.tgz. Extracting by manifest.
630 silly tarball no local data for hex-rgb@https://registry.npmjs.org/hex-rgb/-/hex-rgb-4.3.0.tgz. Extracting by manifest.
631 silly tarball no local data for hermes-parser@https://registry.npmjs.org/hermes-parser/-/hermes-parser-0.25.1.tgz. Extracting by manifest.
632 silly tarball no local data for hermes-estree@https://registry.npmjs.org/hermes-estree/-/hermes-estree-0.25.1.tgz. Extracting by manifest.
633 silly tarball no local data for hasown@https://registry.npmjs.org/hasown/-/hasown-2.0.3.tgz. Extracting by manifest.
634 silly tarball no local data for has-tostringtag@https://registry.npmjs.org/has-tostringtag/-/has-tostringtag-1.0.2.tgz. Extracting by manifest.
635 silly tarball no local data for has-symbols@https://registry.npmjs.org/has-symbols/-/has-symbols-1.1.0.tgz. Extracting by manifest.
636 silly tarball no local data for has-proto@https://registry.npmjs.org/has-proto/-/has-proto-1.2.0.tgz. Extracting by manifest.
637 silly tarball no local data for has-property-descriptors@https://registry.npmjs.org/has-property-descriptors/-/has-property-descriptors-1.0.2.tgz. Extracting by manifest.
638 silly tarball no local data for has-flag@https://registry.npmjs.org/has-flag/-/has-flag-4.0.0.tgz. Extracting by manifest.
639 silly tarball no local data for has-bigints@https://registry.npmjs.org/has-bigints/-/has-bigints-1.1.0.tgz. Extracting by manifest.
640 silly tarball no local data for graceful-fs@https://registry.npmjs.org/graceful-fs/-/graceful-fs-4.2.11.tgz. Extracting by manifest.
641 silly tarball no local data for gopd@https://registry.npmjs.org/gopd/-/gopd-1.2.0.tgz. Extracting by manifest.
642 silly tarball no local data for globrex@https://registry.npmjs.org/globrex/-/globrex-0.1.2.tgz. Extracting by manifest.
643 silly tarball no local data for globalthis@https://registry.npmjs.org/globalthis/-/globalthis-1.0.4.tgz. Extracting by manifest.
644 silly tarball no local data for globals@https://registry.npmjs.org/globals/-/globals-14.0.0.tgz. Extracting by manifest.
645 silly tarball no local data for glob-to-regexp@https://registry.npmjs.org/glob-to-regexp/-/glob-to-regexp-0.4.1.tgz. Extracting by manifest.
646 silly tarball no local data for glob-parent@https://registry.npmjs.org/glob-parent/-/glob-parent-6.0.2.tgz. Extracting by manifest.
647 silly tarball no local data for get-tsconfig@https://registry.npmjs.org/get-tsconfig/-/get-tsconfig-4.14.0.tgz. Extracting by manifest.
648 silly tarball no local data for get-symbol-description@https://registry.npmjs.org/get-symbol-description/-/get-symbol-description-1.1.0.tgz. Extracting by manifest.
649 silly tarball no local data for get-proto@https://registry.npmjs.org/get-proto/-/get-proto-1.0.1.tgz. Extracting by manifest.
650 silly tarball no local data for get-intrinsic@https://registry.npmjs.org/get-intrinsic/-/get-intrinsic-1.3.0.tgz. Extracting by manifest.
651 silly tarball no local data for gensync@https://registry.npmjs.org/gensync/-/gensync-1.0.0-beta.2.tgz. Extracting by manifest.
652 silly tarball no local data for generator-function@https://registry.npmjs.org/generator-function/-/generator-function-2.0.1.tgz. Extracting by manifest.
653 silly tarball no local data for functions-have-names@https://registry.npmjs.org/functions-have-names/-/functions-have-names-1.2.3.tgz. Extracting by manifest.
654 silly tarball no local data for function.prototype.name@https://registry.npmjs.org/function.prototype.name/-/function.prototype.name-1.1.8.tgz. Extracting by manifest.
655 silly tarball no local data for function-bind@https://registry.npmjs.org/function-bind/-/function-bind-1.1.2.tgz. Extracting by manifest.
656 silly tarball no local data for for-each@https://registry.npmjs.org/for-each/-/for-each-0.3.5.tgz. Extracting by manifest.
657 silly tarball no local data for flatted@https://registry.npmjs.org/flatted/-/flatted-3.4.2.tgz. Extracting by manifest.
658 silly tarball no local data for flat-cache@https://registry.npmjs.org/flat-cache/-/flat-cache-4.0.1.tgz. Extracting by manifest.
659 silly tarball no local data for find-up@https://registry.npmjs.org/find-up/-/find-up-5.0.0.tgz. Extracting by manifest.
660 silly tarball no local data for fill-range@https://registry.npmjs.org/fill-range/-/fill-range-7.1.1.tgz. Extracting by manifest.
661 silly tarball no local data for file-entry-cache@https://registry.npmjs.org/file-entry-cache/-/file-entry-cache-8.0.0.tgz. Extracting by manifest.
662 silly tarball no local data for fflate@https://registry.npmjs.org/fflate/-/fflate-0.7.4.tgz. Extracting by manifest.
663 silly tarball no local data for fastq@https://registry.npmjs.org/fastq/-/fastq-1.20.1.tgz. Extracting by manifest.
664 silly tarball no local data for fast-uri@https://registry.npmjs.org/fast-uri/-/fast-uri-3.1.2.tgz. Extracting by manifest.
665 silly tarball no local data for fast-levenshtein@https://registry.npmjs.org/fast-levenshtein/-/fast-levenshtein-2.0.6.tgz. Extracting by manifest.
666 silly tarball no local data for fast-json-stable-stringify@https://registry.npmjs.org/fast-json-stable-stringify/-/fast-json-stable-stringify-2.1.0.tgz. Extracting by manifest.
667 silly tarball no local data for fast-glob@https://registry.npmjs.org/fast-glob/-/fast-glob-3.3.1.tgz. Extracting by manifest.
668 silly tarball no local data for fast-deep-equal@https://registry.npmjs.org/fast-deep-equal/-/fast-deep-equal-3.1.3.tgz. Extracting by manifest.
669 silly tarball no local data for events@https://registry.npmjs.org/events/-/events-3.3.0.tgz. Extracting by manifest.
670 silly tarball no local data for esutils@https://registry.npmjs.org/esutils/-/esutils-2.0.3.tgz. Extracting by manifest.
671 silly tarball no local data for estree-walker@https://registry.npmjs.org/estree-walker/-/estree-walker-3.0.3.tgz. Extracting by manifest.
672 silly tarball no local data for estraverse@https://registry.npmjs.org/estraverse/-/estraverse-5.3.0.tgz. Extracting by manifest.
673 silly tarball no local data for esrecurse@https://registry.npmjs.org/esrecurse/-/esrecurse-4.3.0.tgz. Extracting by manifest.
674 silly tarball no local data for esquery@https://registry.npmjs.org/esquery/-/esquery-1.7.0.tgz. Extracting by manifest.
675 silly tarball no local data for espree@https://registry.npmjs.org/espree/-/espree-10.4.0.tgz. Extracting by manifest.
676 silly tarball no local data for eslint-visitor-keys@https://registry.npmjs.org/eslint-visitor-keys/-/eslint-visitor-keys-4.2.1.tgz. Extracting by manifest.
677 silly tarball no local data for eslint-scope@https://registry.npmjs.org/eslint-scope/-/eslint-scope-8.4.0.tgz. Extracting by manifest.
678 silly tarball no local data for eslint-plugin-react-hooks@https://registry.npmjs.org/eslint-plugin-react-hooks/-/eslint-plugin-react-hooks-7.1.1.tgz. Extracting by manifest.
679 silly tarball no local data for eslint-plugin-react@https://registry.npmjs.org/eslint-plugin-react/-/eslint-plugin-react-7.37.5.tgz. Extracting by manifest.
680 silly tarball no local data for eslint-plugin-jsx-a11y@https://registry.npmjs.org/eslint-plugin-jsx-a11y/-/eslint-plugin-jsx-a11y-6.10.2.tgz. Extracting by manifest.
681 silly tarball no local data for eslint-plugin-import@https://registry.npmjs.org/eslint-plugin-import/-/eslint-plugin-import-2.32.0.tgz. Extracting by manifest.
682 silly tarball no local data for eslint-module-utils@https://registry.npmjs.org/eslint-module-utils/-/eslint-module-utils-2.12.1.tgz. Extracting by manifest.
683 silly tarball no local data for eslint-import-resolver-typescript@https://registry.npmjs.org/eslint-import-resolver-typescript/-/eslint-import-resolver-typescript-3.10.1.tgz. Extracting by manifest.
684 silly tarball no local data for eslint-import-resolver-node@https://registry.npmjs.org/eslint-import-resolver-node/-/eslint-import-resolver-node-0.3.10.tgz. Extracting by manifest.
685 silly tarball no local data for eslint-config-next@https://registry.npmjs.org/eslint-config-next/-/eslint-config-next-16.2.6.tgz. Extracting by manifest.
686 silly tarball no local data for eslint@https://registry.npmjs.org/eslint/-/eslint-9.39.4.tgz. Extracting by manifest.
687 silly tarball no local data for escape-string-regexp@https://registry.npmjs.org/escape-string-regexp/-/escape-string-regexp-4.0.0.tgz. Extracting by manifest.
688 silly tarball no local data for escape-html@https://registry.npmjs.org/escape-html/-/escape-html-1.0.3.tgz. Extracting by manifest.
689 silly tarball no local data for escalade@https://registry.npmjs.org/escalade/-/escalade-3.2.0.tgz. Extracting by manifest.
690 silly tarball no local data for esbuild@https://registry.npmjs.org/esbuild/-/esbuild-0.28.0.tgz. Extracting by manifest.
691 silly tarball no local data for es-to-primitive@https://registry.npmjs.org/es-to-primitive/-/es-to-primitive-1.3.0.tgz. Extracting by manifest.
692 silly tarball no local data for es-shim-unscopables@https://registry.npmjs.org/es-shim-unscopables/-/es-shim-unscopables-1.1.0.tgz. Extracting by manifest.
693 silly tarball no local data for es-set-tostringtag@https://registry.npmjs.org/es-set-tostringtag/-/es-set-tostringtag-2.1.0.tgz. Extracting by manifest.
694 silly tarball no local data for es-object-atoms@https://registry.npmjs.org/es-object-atoms/-/es-object-atoms-1.1.1.tgz. Extracting by manifest.
695 silly tarball no local data for es-module-lexer@https://registry.npmjs.org/es-module-lexer/-/es-module-lexer-2.1.0.tgz. Extracting by manifest.
696 silly tarball no local data for es-iterator-helpers@https://registry.npmjs.org/es-iterator-helpers/-/es-iterator-helpers-1.3.2.tgz. Extracting by manifest.
697 silly tarball no local data for es-errors@https://registry.npmjs.org/es-errors/-/es-errors-1.3.0.tgz. Extracting by manifest.
698 silly tarball no local data for es-define-property@https://registry.npmjs.org/es-define-property/-/es-define-property-1.0.1.tgz. Extracting by manifest.
699 silly tarball no local data for es-abstract@https://registry.npmjs.org/es-abstract/-/es-abstract-1.24.2.tgz. Extracting by manifest.
700 silly tarball no local data for error-stack-parser-es@https://registry.npmjs.org/error-stack-parser-es/-/error-stack-parser-es-1.0.5.tgz. Extracting by manifest.
701 silly tarball no local data for enhanced-resolve@https://registry.npmjs.org/enhanced-resolve/-/enhanced-resolve-5.21.3.tgz. Extracting by manifest.
702 silly tarball no local data for emoji-regex-xs@https://registry.npmjs.org/emoji-regex-xs/-/emoji-regex-xs-2.0.1.tgz. Extracting by manifest.
703 silly tarball no local data for emoji-regex@https://registry.npmjs.org/emoji-regex/-/emoji-regex-9.2.2.tgz. Extracting by manifest.
704 silly tarball no local data for electron-to-chromium@https://registry.npmjs.org/electron-to-chromium/-/electron-to-chromium-1.5.358.tgz. Extracting by manifest.
705 silly tarball no local data for dunder-proto@https://registry.npmjs.org/dunder-proto/-/dunder-proto-1.0.1.tgz. Extracting by manifest.
706 silly tarball no local data for drizzle-orm@https://registry.npmjs.org/drizzle-orm/-/drizzle-orm-0.45.2.tgz. Extracting by manifest.
707 silly tarball no local data for drizzle-kit@https://registry.npmjs.org/drizzle-kit/-/drizzle-kit-0.31.10.tgz. Extracting by manifest.
708 silly tarball no local data for doctrine@https://registry.npmjs.org/doctrine/-/doctrine-2.1.0.tgz. Extracting by manifest.
709 silly tarball no local data for detect-libc@https://registry.npmjs.org/detect-libc/-/detect-libc-2.1.2.tgz. Extracting by manifest.
710 silly tarball no local data for define-properties@https://registry.npmjs.org/define-properties/-/define-properties-1.2.1.tgz. Extracting by manifest.
711 silly tarball no local data for define-data-property@https://registry.npmjs.org/define-data-property/-/define-data-property-1.1.4.tgz. Extracting by manifest.
712 silly tarball no local data for deep-is@https://registry.npmjs.org/deep-is/-/deep-is-0.1.4.tgz. Extracting by manifest.
713 silly tarball no local data for debug@https://registry.npmjs.org/debug/-/debug-4.4.3.tgz. Extracting by manifest.
714 silly tarball no local data for data-view-byte-offset@https://registry.npmjs.org/data-view-byte-offset/-/data-view-byte-offset-1.0.1.tgz. Extracting by manifest.
715 silly tarball no local data for data-view-byte-length@https://registry.npmjs.org/data-view-byte-length/-/data-view-byte-length-1.0.2.tgz. Extracting by manifest.
716 silly tarball no local data for data-view-buffer@https://registry.npmjs.org/data-view-buffer/-/data-view-buffer-1.0.2.tgz. Extracting by manifest.
717 silly tarball no local data for damerau-levenshtein@https://registry.npmjs.org/damerau-levenshtein/-/damerau-levenshtein-1.0.8.tgz. Extracting by manifest.
718 silly tarball no local data for csstype@https://registry.npmjs.org/csstype/-/csstype-3.2.3.tgz. Extracting by manifest.
719 silly tarball no local data for css-to-react-native@https://registry.npmjs.org/css-to-react-native/-/css-to-react-native-3.2.0.tgz. Extracting by manifest.
720 silly tarball no local data for css-gradient-parser@https://registry.npmjs.org/css-gradient-parser/-/css-gradient-parser-0.0.16.tgz. Extracting by manifest.
721 silly tarball no local data for css-color-keywords@https://registry.npmjs.org/css-color-keywords/-/css-color-keywords-1.0.0.tgz. Extracting by manifest.
722 silly tarball no local data for css-box-shadow@https://registry.npmjs.org/css-box-shadow/-/css-box-shadow-1.0.0-3.tgz. Extracting by manifest.
723 silly tarball no local data for css-background-parser@https://registry.npmjs.org/css-background-parser/-/css-background-parser-0.1.0.tgz. Extracting by manifest.
724 silly tarball no local data for cross-spawn@https://registry.npmjs.org/cross-spawn/-/cross-spawn-7.0.6.tgz. Extracting by manifest.
725 silly tarball no local data for cookie@https://registry.npmjs.org/cookie/-/cookie-1.1.1.tgz. Extracting by manifest.
726 silly tarball no local data for convert-source-map@https://registry.npmjs.org/convert-source-map/-/convert-source-map-2.0.0.tgz. Extracting by manifest.
727 silly tarball no local data for concat-map@https://registry.npmjs.org/concat-map/-/concat-map-0.0.1.tgz. Extracting by manifest.
728 silly tarball no local data for commander@https://registry.npmjs.org/commander/-/commander-2.20.3.tgz. Extracting by manifest.
729 silly tarball no local data for color-name@https://registry.npmjs.org/color-name/-/color-name-1.1.4.tgz. Extracting by manifest.
730 silly tarball no local data for color-convert@https://registry.npmjs.org/color-convert/-/color-convert-2.0.1.tgz. Extracting by manifest.
731 silly tarball no local data for client-only@https://registry.npmjs.org/client-only/-/client-only-0.0.1.tgz. Extracting by manifest.
732 silly tarball no local data for chrome-trace-event@https://registry.npmjs.org/chrome-trace-event/-/chrome-trace-event-1.0.4.tgz. Extracting by manifest.
733 silly tarball no local data for chalk@https://registry.npmjs.org/chalk/-/chalk-4.1.2.tgz. Extracting by manifest.
734 silly tarball no local data for caniuse-lite@https://registry.npmjs.org/caniuse-lite/-/caniuse-lite-1.0.30001793.tgz. Extracting by manifest.
735 silly tarball no local data for camelize@https://registry.npmjs.org/camelize/-/camelize-1.0.1.tgz. Extracting by manifest.
736 silly tarball no local data for callsites@https://registry.npmjs.org/callsites/-/callsites-3.1.0.tgz. Extracting by manifest.
737 silly tarball no local data for call-bound@https://registry.npmjs.org/call-bound/-/call-bound-1.0.4.tgz. Extracting by manifest.
738 silly tarball no local data for call-bind-apply-helpers@https://registry.npmjs.org/call-bind-apply-helpers/-/call-bind-apply-helpers-1.0.2.tgz. Extracting by manifest.
739 silly tarball no local data for call-bind@https://registry.npmjs.org/call-bind/-/call-bind-1.0.9.tgz. Extracting by manifest.
740 silly tarball no local data for buffer-from@https://registry.npmjs.org/buffer-from/-/buffer-from-1.1.2.tgz. Extracting by manifest.
741 silly tarball no local data for browserslist@https://registry.npmjs.org/browserslist/-/browserslist-4.28.2.tgz. Extracting by manifest.
742 silly tarball no local data for braces@https://registry.npmjs.org/braces/-/braces-3.0.3.tgz. Extracting by manifest.
743 silly tarball no local data for brace-expansion@https://registry.npmjs.org/brace-expansion/-/brace-expansion-1.1.14.tgz. Extracting by manifest.
744 silly tarball no local data for blake3-wasm@https://registry.npmjs.org/blake3-wasm/-/blake3-wasm-2.1.5.tgz. Extracting by manifest.
745 silly tarball no local data for baseline-browser-mapping@https://registry.npmjs.org/baseline-browser-mapping/-/baseline-browser-mapping-2.10.30.tgz. Extracting by manifest.
746 silly tarball no local data for base64-js@https://registry.npmjs.org/base64-js/-/base64-js-0.0.8.tgz. Extracting by manifest.
747 silly tarball no local data for balanced-match@https://registry.npmjs.org/balanced-match/-/balanced-match-1.0.2.tgz. Extracting by manifest.
748 silly tarball no local data for axobject-query@https://registry.npmjs.org/axobject-query/-/axobject-query-4.1.0.tgz. Extracting by manifest.
749 silly tarball no local data for axe-core@https://registry.npmjs.org/axe-core/-/axe-core-4.11.4.tgz. Extracting by manifest.
750 silly tarball no local data for available-typed-arrays@https://registry.npmjs.org/available-typed-arrays/-/available-typed-arrays-1.0.7.tgz. Extracting by manifest.
751 silly tarball no local data for async-function@https://registry.npmjs.org/async-function/-/async-function-1.0.0.tgz. Extracting by manifest.
752 silly tarball no local data for ast-types-flow@https://registry.npmjs.org/ast-types-flow/-/ast-types-flow-0.0.8.tgz. Extracting by manifest.
753 silly tarball no local data for arraybuffer.prototype.slice@https://registry.npmjs.org/arraybuffer.prototype.slice/-/arraybuffer.prototype.slice-1.0.4.tgz. Extracting by manifest.
754 silly tarball no local data for array.prototype.tosorted@https://registry.npmjs.org/array.prototype.tosorted/-/array.prototype.tosorted-1.1.4.tgz. Extracting by manifest.
755 silly tarball no local data for array.prototype.flatmap@https://registry.npmjs.org/array.prototype.flatmap/-/array.prototype.flatmap-1.3.3.tgz. Extracting by manifest.
756 silly tarball no local data for array.prototype.flat@https://registry.npmjs.org/array.prototype.flat/-/array.prototype.flat-1.3.3.tgz. Extracting by manifest.
757 silly tarball no local data for array.prototype.findlastindex@https://registry.npmjs.org/array.prototype.findlastindex/-/array.prototype.findlastindex-1.2.6.tgz. Extracting by manifest.
758 silly tarball no local data for array.prototype.findlast@https://registry.npmjs.org/array.prototype.findlast/-/array.prototype.findlast-1.2.5.tgz. Extracting by manifest.
759 silly tarball no local data for array-includes@https://registry.npmjs.org/array-includes/-/array-includes-3.1.9.tgz. Extracting by manifest.
760 silly tarball no local data for array-buffer-byte-length@https://registry.npmjs.org/array-buffer-byte-length/-/array-buffer-byte-length-1.0.2.tgz. Extracting by manifest.
761 silly tarball no local data for aria-query@https://registry.npmjs.org/aria-query/-/aria-query-5.3.2.tgz. Extracting by manifest.
762 silly tarball no local data for argparse@https://registry.npmjs.org/argparse/-/argparse-2.0.1.tgz. Extracting by manifest.
763 silly tarball no local data for ansi-styles@https://registry.npmjs.org/ansi-styles/-/ansi-styles-4.3.0.tgz. Extracting by manifest.
764 silly tarball no local data for ajv-formats@https://registry.npmjs.org/ajv-formats/-/ajv-formats-2.1.1.tgz. Extracting by manifest.
765 silly tarball no local data for ajv@https://registry.npmjs.org/ajv/-/ajv-6.15.0.tgz. Extracting by manifest.
766 silly tarball no local data for acorn-loose@https://registry.npmjs.org/acorn-loose/-/acorn-loose-8.5.2.tgz. Extracting by manifest.
767 silly tarball no local data for acorn-jsx@https://registry.npmjs.org/acorn-jsx/-/acorn-jsx-5.3.2.tgz. Extracting by manifest.
768 silly tarball no local data for acorn-import-phases@https://registry.npmjs.org/acorn-import-phases/-/acorn-import-phases-1.0.4.tgz. Extracting by manifest.
769 silly tarball no local data for acorn@https://registry.npmjs.org/acorn/-/acorn-8.16.0.tgz. Extracting by manifest.
770 silly tarball no local data for @xtuc/long@https://registry.npmjs.org/@xtuc/long/-/long-4.2.2.tgz. Extracting by manifest.
771 silly tarball no local data for @xtuc/ieee754@https://registry.npmjs.org/@xtuc/ieee754/-/ieee754-1.2.0.tgz. Extracting by manifest.
772 silly tarball no local data for @webassemblyjs/wast-printer@https://registry.npmjs.org/@webassemblyjs/wast-printer/-/wast-printer-1.14.1.tgz. Extracting by manifest.
773 silly tarball no local data for @webassemblyjs/wasm-parser@https://registry.npmjs.org/@webassemblyjs/wasm-parser/-/wasm-parser-1.14.1.tgz. Extracting by manifest.
774 silly tarball no local data for @webassemblyjs/wasm-opt@https://registry.npmjs.org/@webassemblyjs/wasm-opt/-/wasm-opt-1.14.1.tgz. Extracting by manifest.
775 silly tarball no local data for @webassemblyjs/wasm-gen@https://registry.npmjs.org/@webassemblyjs/wasm-gen/-/wasm-gen-1.14.1.tgz. Extracting by manifest.
776 silly tarball no local data for @webassemblyjs/wasm-edit@https://registry.npmjs.org/@webassemblyjs/wasm-edit/-/wasm-edit-1.14.1.tgz. Extracting by manifest.
777 silly tarball no local data for @webassemblyjs/utf8@https://registry.npmjs.org/@webassemblyjs/utf8/-/utf8-1.13.2.tgz. Extracting by manifest.
778 silly tarball no local data for @webassemblyjs/leb128@https://registry.npmjs.org/@webassemblyjs/leb128/-/leb128-1.13.2.tgz. Extracting by manifest.
779 silly tarball no local data for @webassemblyjs/ieee754@https://registry.npmjs.org/@webassemblyjs/ieee754/-/ieee754-1.13.2.tgz. Extracting by manifest.
780 silly tarball no local data for @webassemblyjs/helper-wasm-section@https://registry.npmjs.org/@webassemblyjs/helper-wasm-section/-/helper-wasm-section-1.14.1.tgz. Extracting by manifest.
781 silly tarball no local data for @webassemblyjs/helper-wasm-bytecode@https://registry.npmjs.org/@webassemblyjs/helper-wasm-bytecode/-/helper-wasm-bytecode-1.13.2.tgz. Extracting by manifest.
782 silly tarball no local data for @webassemblyjs/helper-numbers@https://registry.npmjs.org/@webassemblyjs/helper-numbers/-/helper-numbers-1.13.2.tgz. Extracting by manifest.
783 silly tarball no local data for @webassemblyjs/helper-buffer@https://registry.npmjs.org/@webassemblyjs/helper-buffer/-/helper-buffer-1.14.1.tgz. Extracting by manifest.
784 silly tarball no local data for @webassemblyjs/helper-api-error@https://registry.npmjs.org/@webassemblyjs/helper-api-error/-/helper-api-error-1.13.2.tgz. Extracting by manifest.
785 silly tarball no local data for @webassemblyjs/floating-point-hex-parser@https://registry.npmjs.org/@webassemblyjs/floating-point-hex-parser/-/floating-point-hex-parser-1.13.2.tgz. Extracting by manifest.
786 silly tarball no local data for @webassemblyjs/ast@https://registry.npmjs.org/@webassemblyjs/ast/-/ast-1.14.1.tgz. Extracting by manifest.
787 silly tarball no local data for @vitejs/plugin-rsc@https://registry.npmjs.org/@vitejs/plugin-rsc/-/plugin-rsc-0.5.26.tgz. Extracting by manifest.
788 silly tarball no local data for @vitejs/plugin-react@https://registry.npmjs.org/@vitejs/plugin-react/-/plugin-react-6.0.2.tgz. Extracting by manifest.
789 silly tarball no local data for @vercel/og@https://registry.npmjs.org/@vercel/og/-/og-0.8.6.tgz. Extracting by manifest.
790 silly tarball no local data for @unrs/resolver-binding-linux-x64-gnu@https://registry.npmjs.org/@unrs/resolver-binding-linux-x64-gnu/-/resolver-binding-linux-x64-gnu-1.11.1.tgz. Extracting by manifest.
791 silly tarball no local data for @unpic/react@https://registry.npmjs.org/@unpic/react/-/react-1.0.2.tgz. Extracting by manifest.
792 silly tarball no local data for @unpic/core@https://registry.npmjs.org/@unpic/core/-/core-1.0.3.tgz. Extracting by manifest.
793 silly tarball no local data for @typescript-eslint/visitor-keys@https://registry.npmjs.org/@typescript-eslint/visitor-keys/-/visitor-keys-8.59.3.tgz. Extracting by manifest.
794 silly tarball no local data for @typescript-eslint/utils@https://registry.npmjs.org/@typescript-eslint/utils/-/utils-8.59.3.tgz. Extracting by manifest.
795 silly tarball no local data for @typescript-eslint/typescript-estree@https://registry.npmjs.org/@typescript-eslint/typescript-estree/-/typescript-estree-8.59.3.tgz. Extracting by manifest.
796 silly tarball no local data for @typescript-eslint/types@https://registry.npmjs.org/@typescript-eslint/types/-/types-8.59.3.tgz. Extracting by manifest.
797 silly tarball no local data for @typescript-eslint/type-utils@https://registry.npmjs.org/@typescript-eslint/type-utils/-/type-utils-8.59.3.tgz. Extracting by manifest.
798 silly tarball no local data for @typescript-eslint/tsconfig-utils@https://registry.npmjs.org/@typescript-eslint/tsconfig-utils/-/tsconfig-utils-8.59.3.tgz. Extracting by manifest.
799 silly tarball no local data for @typescript-eslint/scope-manager@https://registry.npmjs.org/@typescript-eslint/scope-manager/-/scope-manager-8.59.3.tgz. Extracting by manifest.
800 silly tarball no local data for @typescript-eslint/project-service@https://registry.npmjs.org/@typescript-eslint/project-service/-/project-service-8.59.3.tgz. Extracting by manifest.
801 silly tarball no local data for @typescript-eslint/parser@https://registry.npmjs.org/@typescript-eslint/parser/-/parser-8.59.3.tgz. Extracting by manifest.
802 silly tarball no local data for @typescript-eslint/eslint-plugin@https://registry.npmjs.org/@typescript-eslint/eslint-plugin/-/eslint-plugin-8.59.3.tgz. Extracting by manifest.
803 silly tarball no local data for @types/react-dom@https://registry.npmjs.org/@types/react-dom/-/react-dom-19.2.3.tgz. Extracting by manifest.
804 silly tarball no local data for @types/react@https://registry.npmjs.org/@types/react/-/react-19.2.14.tgz. Extracting by manifest.
805 silly tarball no local data for @types/node@https://registry.npmjs.org/@types/node/-/node-22.19.19.tgz. Extracting by manifest.
806 silly tarball no local data for @types/json5@https://registry.npmjs.org/@types/json5/-/json5-0.0.29.tgz. Extracting by manifest.
807 silly tarball no local data for @types/json-schema@https://registry.npmjs.org/@types/json-schema/-/json-schema-7.0.15.tgz. Extracting by manifest.
808 silly tarball no local data for @types/estree@https://registry.npmjs.org/@types/estree/-/estree-1.0.9.tgz. Extracting by manifest.
809 silly tarball no local data for @types/eslint-scope@https://registry.npmjs.org/@types/eslint-scope/-/eslint-scope-3.7.7.tgz. Extracting by manifest.
810 silly tarball no local data for @types/eslint@https://registry.npmjs.org/@types/eslint/-/eslint-9.6.1.tgz. Extracting by manifest.
811 silly tarball no local data for @tybys/wasm-util@https://registry.npmjs.org/@tybys/wasm-util/-/wasm-util-0.10.2.tgz. Extracting by manifest.
812 silly tarball no local data for @tailwindcss/postcss@https://registry.npmjs.org/@tailwindcss/postcss/-/postcss-4.2.1.tgz. Extracting by manifest.
813 silly tarball no local data for @tailwindcss/oxide-linux-x64-gnu@https://registry.npmjs.org/@tailwindcss/oxide-linux-x64-gnu/-/oxide-linux-x64-gnu-4.2.1.tgz. Extracting by manifest.
814 silly tarball no local data for @tailwindcss/oxide@https://registry.npmjs.org/@tailwindcss/oxide/-/oxide-4.2.1.tgz. Extracting by manifest.
815 silly tarball no local data for @tailwindcss/node@https://registry.npmjs.org/@tailwindcss/node/-/node-4.2.1.tgz. Extracting by manifest.
816 silly tarball no local data for @swc/helpers@https://registry.npmjs.org/@swc/helpers/-/helpers-0.5.15.tgz. Extracting by manifest.
817 silly tarball no local data for @speed-highlight/core@https://registry.npmjs.org/@speed-highlight/core/-/core-1.2.15.tgz. Extracting by manifest.
818 silly tarball no local data for @sindresorhus/is@https://registry.npmjs.org/@sindresorhus/is/-/is-7.2.0.tgz. Extracting by manifest.
819 silly tarball no local data for @shuding/opentype.js@https://registry.npmjs.org/@shuding/opentype.js/-/opentype.js-1.4.0-beta.0.tgz. Extracting by manifest.
820 silly tarball no local data for @rtsao/scc@https://registry.npmjs.org/@rtsao/scc/-/scc-1.1.0.tgz. Extracting by manifest.
821 silly tarball no local data for @rolldown/pluginutils@https://registry.npmjs.org/@rolldown/pluginutils/-/pluginutils-1.0.1.tgz. Extracting by manifest.
822 silly tarball no local data for @rolldown/binding-linux-x64-gnu@https://registry.npmjs.org/@rolldown/binding-linux-x64-gnu/-/binding-linux-x64-gnu-1.0.1.tgz. Extracting by manifest.
823 silly tarball no local data for @resvg/resvg-wasm@https://registry.npmjs.org/@resvg/resvg-wasm/-/resvg-wasm-2.4.0.tgz. Extracting by manifest.
824 silly tarball no local data for @poppinss/exception@https://registry.npmjs.org/@poppinss/exception/-/exception-1.2.3.tgz. Extracting by manifest.
825 silly tarball no local data for @poppinss/dumper@https://registry.npmjs.org/@poppinss/dumper/-/dumper-0.6.5.tgz. Extracting by manifest.
826 silly tarball no local data for @poppinss/colors@https://registry.npmjs.org/@poppinss/colors/-/colors-4.1.6.tgz. Extracting by manifest.
827 silly tarball no local data for @oxc-project/types@https://registry.npmjs.org/@oxc-project/types/-/types-0.130.0.tgz. Extracting by manifest.
828 silly tarball no local data for @nolyfill/is-core-module@https://registry.npmjs.org/@nolyfill/is-core-module/-/is-core-module-1.0.39.tgz. Extracting by manifest.
829 silly tarball no local data for @nodelib/fs.walk@https://registry.npmjs.org/@nodelib/fs.walk/-/fs.walk-1.2.8.tgz. Extracting by manifest.
830 silly tarball no local data for @nodelib/fs.stat@https://registry.npmjs.org/@nodelib/fs.stat/-/fs.stat-2.0.5.tgz. Extracting by manifest.
831 silly tarball no local data for @nodelib/fs.scandir@https://registry.npmjs.org/@nodelib/fs.scandir/-/fs.scandir-2.1.5.tgz. Extracting by manifest.
832 silly tarball no local data for @next/swc-linux-x64-gnu@https://registry.npmjs.org/@next/swc-linux-x64-gnu/-/swc-linux-x64-gnu-16.2.6.tgz. Extracting by manifest.
833 silly tarball no local data for @next/eslint-plugin-next@https://registry.npmjs.org/@next/eslint-plugin-next/-/eslint-plugin-next-16.2.6.tgz. Extracting by manifest.
834 silly tarball no local data for @next/env@https://registry.npmjs.org/@next/env/-/env-16.2.6.tgz. Extracting by manifest.
835 silly tarball no local data for @napi-rs/wasm-runtime@https://registry.npmjs.org/@napi-rs/wasm-runtime/-/wasm-runtime-0.2.12.tgz. Extracting by manifest.
836 silly tarball no local data for @jridgewell/trace-mapping@https://registry.npmjs.org/@jridgewell/trace-mapping/-/trace-mapping-0.3.31.tgz. Extracting by manifest.
837 silly tarball no local data for @jridgewell/sourcemap-codec@https://registry.npmjs.org/@jridgewell/sourcemap-codec/-/sourcemap-codec-1.5.5.tgz. Extracting by manifest.
838 silly tarball no local data for @jridgewell/source-map@https://registry.npmjs.org/@jridgewell/source-map/-/source-map-0.3.11.tgz. Extracting by manifest.
839 silly tarball no local data for @jridgewell/resolve-uri@https://registry.npmjs.org/@jridgewell/resolve-uri/-/resolve-uri-3.1.2.tgz. Extracting by manifest.
840 silly tarball no local data for @jridgewell/remapping@https://registry.npmjs.org/@jridgewell/remapping/-/remapping-2.3.5.tgz. Extracting by manifest.
841 silly tarball no local data for @jridgewell/gen-mapping@https://registry.npmjs.org/@jridgewell/gen-mapping/-/gen-mapping-0.3.13.tgz. Extracting by manifest.
842 silly tarball no local data for @img/sharp-linux-x64@https://registry.npmjs.org/@img/sharp-linux-x64/-/sharp-linux-x64-0.34.5.tgz. Extracting by manifest.
843 silly tarball no local data for @img/sharp-libvips-linux-x64@https://registry.npmjs.org/@img/sharp-libvips-linux-x64/-/sharp-libvips-linux-x64-1.2.4.tgz. Extracting by manifest.
844 silly tarball no local data for @img/colour@https://registry.npmjs.org/@img/colour/-/colour-1.1.0.tgz. Extracting by manifest.
845 silly tarball no local data for @humanwhocodes/retry@https://registry.npmjs.org/@humanwhocodes/retry/-/retry-0.4.3.tgz. Extracting by manifest.
846 silly tarball no local data for @humanwhocodes/module-importer@https://registry.npmjs.org/@humanwhocodes/module-importer/-/module-importer-1.0.1.tgz. Extracting by manifest.
847 silly tarball no local data for @humanfs/types@https://registry.npmjs.org/@humanfs/types/-/types-0.15.0.tgz. Extracting by manifest.
848 silly tarball no local data for @humanfs/node@https://registry.npmjs.org/@humanfs/node/-/node-0.16.8.tgz. Extracting by manifest.
849 silly tarball no local data for @humanfs/core@https://registry.npmjs.org/@humanfs/core/-/core-0.19.2.tgz. Extracting by manifest.
850 silly tarball no local data for @eslint/plugin-kit@https://registry.npmjs.org/@eslint/plugin-kit/-/plugin-kit-0.4.1.tgz. Extracting by manifest.
851 silly tarball no local data for @eslint/object-schema@https://registry.npmjs.org/@eslint/object-schema/-/object-schema-2.1.7.tgz. Extracting by manifest.
852 silly tarball no local data for @eslint/js@https://registry.npmjs.org/@eslint/js/-/js-9.39.4.tgz. Extracting by manifest.
853 silly tarball no local data for @eslint/eslintrc@https://registry.npmjs.org/@eslint/eslintrc/-/eslintrc-3.3.5.tgz. Extracting by manifest.
854 silly tarball no local data for @eslint/core@https://registry.npmjs.org/@eslint/core/-/core-0.17.0.tgz. Extracting by manifest.
855 silly tarball no local data for @eslint/config-helpers@https://registry.npmjs.org/@eslint/config-helpers/-/config-helpers-0.4.2.tgz. Extracting by manifest.
856 silly tarball no local data for @eslint/config-array@https://registry.npmjs.org/@eslint/config-array/-/config-array-0.21.2.tgz. Extracting by manifest.
857 silly tarball no local data for @eslint-community/regexpp@https://registry.npmjs.org/@eslint-community/regexpp/-/regexpp-4.12.2.tgz. Extracting by manifest.
858 silly tarball no local data for @eslint-community/eslint-utils@https://registry.npmjs.org/@eslint-community/eslint-utils/-/eslint-utils-4.9.1.tgz. Extracting by manifest.
859 silly tarball no local data for @esbuild/linux-x64@https://registry.npmjs.org/@esbuild/linux-x64/-/linux-x64-0.28.0.tgz. Extracting by manifest.
860 silly tarball no local data for @esbuild-kit/esm-loader@https://registry.npmjs.org/@esbuild-kit/esm-loader/-/esm-loader-2.6.5.tgz. Extracting by manifest.
861 silly tarball no local data for @esbuild-kit/core-utils@https://registry.npmjs.org/@esbuild-kit/core-utils/-/core-utils-3.3.2.tgz. Extracting by manifest.
862 silly tarball no local data for @emnapi/wasi-threads@https://registry.npmjs.org/@emnapi/wasi-threads/-/wasi-threads-1.2.1.tgz. Extracting by manifest.
863 silly tarball no local data for @emnapi/runtime@https://registry.npmjs.org/@emnapi/runtime/-/runtime-1.10.0.tgz. Extracting by manifest.
864 silly tarball no local data for @emnapi/core@https://registry.npmjs.org/@emnapi/core/-/core-1.10.0.tgz. Extracting by manifest.
865 silly tarball no local data for @drizzle-team/brocli@https://registry.npmjs.org/@drizzle-team/brocli/-/brocli-0.10.2.tgz. Extracting by manifest.
866 silly tarball no local data for @cspotcode/source-map-support@https://registry.npmjs.org/@cspotcode/source-map-support/-/source-map-support-0.8.1.tgz. Extracting by manifest.
867 silly tarball no local data for @cloudflare/workerd-linux-64@https://registry.npmjs.org/@cloudflare/workerd-linux-64/-/workerd-linux-64-1.20260515.1.tgz. Extracting by manifest.
868 silly tarball no local data for @cloudflare/vite-plugin@https://registry.npmjs.org/@cloudflare/vite-plugin/-/vite-plugin-1.37.1.tgz. Extracting by manifest.
869 silly tarball no local data for @cloudflare/unenv-preset@https://registry.npmjs.org/@cloudflare/unenv-preset/-/unenv-preset-2.16.1.tgz. Extracting by manifest.
870 silly tarball no local data for @cloudflare/kv-asset-handler@https://registry.npmjs.org/@cloudflare/kv-asset-handler/-/kv-asset-handler-0.5.0.tgz. Extracting by manifest.
871 silly tarball no local data for @babel/types@https://registry.npmjs.org/@babel/types/-/types-7.29.0.tgz. Extracting by manifest.
872 silly tarball no local data for @babel/traverse@https://registry.npmjs.org/@babel/traverse/-/traverse-7.29.0.tgz. Extracting by manifest.
873 silly tarball no local data for @babel/template@https://registry.npmjs.org/@babel/template/-/template-7.28.6.tgz. Extracting by manifest.
874 silly tarball no local data for @babel/parser@https://registry.npmjs.org/@babel/parser/-/parser-7.29.3.tgz. Extracting by manifest.
875 silly tarball no local data for @babel/helpers@https://registry.npmjs.org/@babel/helpers/-/helpers-7.29.2.tgz. Extracting by manifest.
876 silly tarball no local data for @babel/helper-validator-option@https://registry.npmjs.org/@babel/helper-validator-option/-/helper-validator-option-7.27.1.tgz. Extracting by manifest.
877 silly tarball no local data for @babel/helper-validator-identifier@https://registry.npmjs.org/@babel/helper-validator-identifier/-/helper-validator-identifier-7.28.5.tgz. Extracting by manifest.
878 silly tarball no local data for @babel/helper-string-parser@https://registry.npmjs.org/@babel/helper-string-parser/-/helper-string-parser-7.27.1.tgz. Extracting by manifest.
879 silly tarball no local data for @babel/helper-module-transforms@https://registry.npmjs.org/@babel/helper-module-transforms/-/helper-module-transforms-7.28.6.tgz. Extracting by manifest.
880 silly tarball no local data for @babel/helper-module-imports@https://registry.npmjs.org/@babel/helper-module-imports/-/helper-module-imports-7.28.6.tgz. Extracting by manifest.
881 silly tarball no local data for @babel/helper-globals@https://registry.npmjs.org/@babel/helper-globals/-/helper-globals-7.28.0.tgz. Extracting by manifest.
882 silly tarball no local data for @babel/helper-compilation-targets@https://registry.npmjs.org/@babel/helper-compilation-targets/-/helper-compilation-targets-7.28.6.tgz. Extracting by manifest.
883 silly tarball no local data for @babel/generator@https://registry.npmjs.org/@babel/generator/-/generator-7.29.1.tgz. Extracting by manifest.
884 silly tarball no local data for @babel/core@https://registry.npmjs.org/@babel/core/-/core-7.29.0.tgz. Extracting by manifest.
885 silly tarball no local data for @babel/compat-data@https://registry.npmjs.org/@babel/compat-data/-/compat-data-7.29.3.tgz. Extracting by manifest.
886 silly tarball no local data for @babel/code-frame@https://registry.npmjs.org/@babel/code-frame/-/code-frame-7.29.0.tgz. Extracting by manifest.
887 silly tarball no local data for @alloc/quick-lru@https://registry.npmjs.org/@alloc/quick-lru/-/quick-lru-5.2.0.tgz. Extracting by manifest.
888 silly tarball no local data for esbuild@https://registry.npmjs.org/esbuild/-/esbuild-0.27.3.tgz. Extracting by manifest.
889 silly tarball no local data for @esbuild/linux-x64@https://registry.npmjs.org/@esbuild/linux-x64/-/linux-x64-0.27.3.tgz. Extracting by manifest.
890 silly tarball no local data for estraverse@https://registry.npmjs.org/estraverse/-/estraverse-4.3.0.tgz. Extracting by manifest.
891 silly tarball no local data for eslint-scope@https://registry.npmjs.org/eslint-scope/-/eslint-scope-5.1.1.tgz. Extracting by manifest.
892 silly tarball no local data for glob-parent@https://registry.npmjs.org/glob-parent/-/glob-parent-5.1.2.tgz. Extracting by manifest.
893 silly tarball no local data for fast-glob@https://registry.npmjs.org/fast-glob/-/fast-glob-3.3.3.tgz. Extracting by manifest.
894 silly tarball no local data for es-module-lexer@https://registry.npmjs.org/es-module-lexer/-/es-module-lexer-1.7.0.tgz. Extracting by manifest.
895 silly tarball no local data for picomatch@https://registry.npmjs.org/picomatch/-/picomatch-4.0.4.tgz. Extracting by manifest.
896 silly tarball no local data for lightningcss-linux-x64-gnu@https://registry.npmjs.org/lightningcss-linux-x64-gnu/-/lightningcss-linux-x64-gnu-1.32.0.tgz. Extracting by manifest.
897 silly tarball no local data for lightningcss@https://registry.npmjs.org/lightningcss/-/lightningcss-1.32.0.tgz. Extracting by manifest.
898 silly tarball no local data for json5@https://registry.npmjs.org/json5/-/json5-1.0.2.tgz. Extracting by manifest.
899 silly tarball no local data for picomatch@https://registry.npmjs.org/picomatch/-/picomatch-4.0.4.tgz. Extracting by manifest.
900 silly tarball no local data for fdir@https://registry.npmjs.org/fdir/-/fdir-6.5.0.tgz. Extracting by manifest.
901 silly tarball no local data for js-tokens@https://registry.npmjs.org/js-tokens/-/js-tokens-9.0.1.tgz. Extracting by manifest.
902 silly tarball no local data for semver@https://registry.npmjs.org/semver/-/semver-7.8.0.tgz. Extracting by manifest.
903 silly tarball no local data for json-schema-traverse@https://registry.npmjs.org/json-schema-traverse/-/json-schema-traverse-1.0.0.tgz. Extracting by manifest.
904 silly tarball no local data for ajv-keywords@https://registry.npmjs.org/ajv-keywords/-/ajv-keywords-5.1.0.tgz. Extracting by manifest.
905 silly tarball no local data for ajv@https://registry.npmjs.org/ajv/-/ajv-8.20.0.tgz. Extracting by manifest.
906 silly tarball no local data for postcss@https://registry.npmjs.org/postcss/-/postcss-8.4.31.tgz. Extracting by manifest.
907 silly tarball no local data for supports-color@https://registry.npmjs.org/supports-color/-/supports-color-8.1.1.tgz. Extracting by manifest.
908 silly tarball no local data for semver@https://registry.npmjs.org/semver/-/semver-7.8.0.tgz. Extracting by manifest.
909 silly tarball no local data for glob-parent@https://registry.npmjs.org/glob-parent/-/glob-parent-5.1.2.tgz. Extracting by manifest.
910 silly tarball no local data for debug@https://registry.npmjs.org/debug/-/debug-3.2.7.tgz. Extracting by manifest.
911 silly tarball no local data for debug@https://registry.npmjs.org/debug/-/debug-3.2.7.tgz. Extracting by manifest.
912 silly tarball no local data for debug@https://registry.npmjs.org/debug/-/debug-3.2.7.tgz. Extracting by manifest.
913 silly tarball no local data for globals@https://registry.npmjs.org/globals/-/globals-16.4.0.tgz. Extracting by manifest.
914 silly tarball no local data for esbuild@https://registry.npmjs.org/esbuild/-/esbuild-0.25.12.tgz. Extracting by manifest.
915 silly tarball no local data for @esbuild/linux-x64@https://registry.npmjs.org/@esbuild/linux-x64/-/linux-x64-0.25.12.tgz. Extracting by manifest.
916 silly tarball no local data for json-schema-traverse@https://registry.npmjs.org/json-schema-traverse/-/json-schema-traverse-1.0.0.tgz. Extracting by manifest.
917 silly tarball no local data for ajv@https://registry.npmjs.org/ajv/-/ajv-8.20.0.tgz. Extracting by manifest.
918 silly tarball no local data for @rolldown/pluginutils@https://registry.npmjs.org/@rolldown/pluginutils/-/pluginutils-1.0.0-rc.18.tgz. Extracting by manifest.
919 silly tarball no local data for eslint-visitor-keys@https://registry.npmjs.org/eslint-visitor-keys/-/eslint-visitor-keys-5.0.1.tgz. Extracting by manifest.
920 silly tarball no local data for semver@https://registry.npmjs.org/semver/-/semver-7.8.0.tgz. Extracting by manifest.
921 silly tarball no local data for minimatch@https://registry.npmjs.org/minimatch/-/minimatch-10.2.5.tgz. Extracting by manifest.
922 silly tarball no local data for brace-expansion@https://registry.npmjs.org/brace-expansion/-/brace-expansion-5.0.6.tgz. Extracting by manifest.
923 silly tarball no local data for balanced-match@https://registry.npmjs.org/balanced-match/-/balanced-match-4.0.4.tgz. Extracting by manifest.
924 silly tarball no local data for ignore@https://registry.npmjs.org/ignore/-/ignore-7.0.5.tgz. Extracting by manifest.
925 silly tarball no local data for @napi-rs/wasm-runtime@https://registry.npmjs.org/@napi-rs/wasm-runtime/-/wasm-runtime-1.1.4.tgz. Extracting by manifest.
926 silly tarball no local data for supports-color@https://registry.npmjs.org/supports-color/-/supports-color-10.2.2.tgz. Extracting by manifest.
927 silly tarball no local data for eslint-visitor-keys@https://registry.npmjs.org/eslint-visitor-keys/-/eslint-visitor-keys-3.4.3.tgz. Extracting by manifest.
928 silly tarball no local data for esbuild@https://registry.npmjs.org/esbuild/-/esbuild-0.18.20.tgz. Extracting by manifest.
929 silly tarball no local data for @esbuild/linux-x64@https://registry.npmjs.org/@esbuild/linux-x64/-/linux-x64-0.18.20.tgz. Extracting by manifest.
930 silly tarball no local data for @jridgewell/trace-mapping@https://registry.npmjs.org/@jridgewell/trace-mapping/-/trace-mapping-0.3.9.tgz. Extracting by manifest.
931 http fetch GET 200 https://registry.npmjs.org/tinyglobby/-/tinyglobby-0.2.16.tgz 10824ms (cache miss)
932 http fetch GET 200 https://registry.npmjs.org/string.prototype.trimend/-/string.prototype.trimend-1.0.9.tgz 10815ms (cache miss)
933 http fetch GET 200 https://registry.npmjs.org/string.prototype.includes/-/string.prototype.includes-2.0.1.tgz 10800ms (cache miss)
934 http fetch GET 200 https://registry.npmjs.org/string.prototype.codepointat/-/string.prototype.codepointat-0.2.1.tgz 10800ms (cache miss)
935 http fetch GET 200 https://registry.npmjs.org/stop-iteration-iterator/-/stop-iteration-iterator-1.1.0.tgz 10800ms (cache miss)
936 http fetch GET 200 https://registry.npmjs.org/stable-hash/-/stable-hash-0.0.5.tgz 10764ms (cache miss)
937 http fetch GET 200 https://registry.npmjs.org/side-channel-map/-/side-channel-map-1.0.1.tgz 10678ms (cache miss)
938 http fetch GET 200 https://registry.npmjs.org/safe-array-concat/-/safe-array-concat-1.1.4.tgz 10638ms (cache miss)
939 http fetch GET 200 https://registry.npmjs.org/resolve-pkg-maps/-/resolve-pkg-maps-1.0.0.tgz 10619ms (cache miss)
940 http fetch GET 200 https://registry.npmjs.org/yallist/-/yallist-3.1.1.tgz 11160ms (cache miss)
941 http fetch GET 200 https://registry.npmjs.org/word-wrap/-/word-wrap-1.2.5.tgz 11170ms (cache miss)
942 http fetch GET 200 https://registry.npmjs.org/unrs-resolver/-/unrs-resolver-1.11.1.tgz 11138ms (cache miss)
943 http fetch GET 200 https://registry.npmjs.org/typed-array-byte-length/-/typed-array-byte-length-1.0.3.tgz 11103ms (cache miss)
944 http fetch GET 200 https://registry.npmjs.org/string.prototype.trimstart/-/string.prototype.trimstart-1.0.8.tgz 11063ms (cache miss)
945 http fetch GET 200 https://registry.npmjs.org/side-channel-weakmap/-/side-channel-weakmap-1.0.2.tgz 10978ms (cache miss)
946 http fetch GET 200 https://registry.npmjs.org/side-channel-list/-/side-channel-list-1.0.1.tgz 10922ms (cache miss)
947 http fetch GET 200 https://registry.npmjs.org/shebang-regex/-/shebang-regex-3.0.0.tgz 10921ms (cache miss)
948 http fetch GET 200 https://registry.npmjs.org/shebang-command/-/shebang-command-2.0.0.tgz 10920ms (cache miss)
949 http fetch GET 200 https://registry.npmjs.org/punycode/-/punycode-2.3.1.tgz 10853ms (cache miss)
950 http fetch GET 200 https://registry.npmjs.org/which/-/which-2.0.2.tgz 11420ms (cache miss)
951 http fetch GET 200 https://registry.npmjs.org/unbox-primitive/-/unbox-primitive-1.1.0.tgz 11383ms (cache miss)
952 http fetch GET 200 https://registry.npmjs.org/typed-array-length/-/typed-array-length-1.0.7.tgz 11382ms (cache miss)
953 http fetch GET 200 https://registry.npmjs.org/to-regex-range/-/to-regex-range-5.0.1.tgz 11358ms (cache miss)
954 http fetch GET 200 https://registry.npmjs.org/tiny-inflate/-/tiny-inflate-1.0.3.tgz 11358ms (cache miss)
955 http fetch GET 200 https://registry.npmjs.org/supports-preserve-symlinks-flag/-/supports-preserve-symlinks-flag-1.0.0.tgz 11352ms (cache miss)
956 http fetch GET 200 https://registry.npmjs.org/supports-color/-/supports-color-7.2.0.tgz 11342ms (cache miss)
957 http fetch GET 200 https://registry.npmjs.org/strip-literal/-/strip-literal-3.1.0.tgz 11341ms (cache miss)
958 http fetch GET 200 https://registry.npmjs.org/strip-bom/-/strip-bom-3.0.0.tgz 11340ms (cache miss)
959 http fetch GET 200 https://registry.npmjs.org/side-channel/-/side-channel-1.1.0.tgz 11181ms (cache miss)
960 http fetch GET 200 https://registry.npmjs.org/set-proto/-/set-proto-1.0.0.tgz 11165ms (cache miss)
961 http fetch GET 200 https://registry.npmjs.org/set-function-name/-/set-function-name-2.0.2.tgz 11164ms (cache miss)
962 http fetch GET 200 https://registry.npmjs.org/set-function-length/-/set-function-length-1.2.2.tgz 11163ms (cache miss)
963 http fetch GET 200 https://registry.npmjs.org/safe-regex-test/-/safe-regex-test-1.1.0.tgz 11144ms (cache miss)
964 http fetch GET 200 https://registry.npmjs.org/run-parallel/-/run-parallel-1.2.0.tgz 11126ms (cache miss)
965 http fetch GET 200 https://registry.npmjs.org/reusify/-/reusify-1.1.0.tgz 11122ms (cache miss)
966 http fetch GET 200 https://registry.npmjs.org/source-map-support/-/source-map-support-0.5.21.tgz 11264ms (cache miss)
967 http fetch GET 200 https://registry.npmjs.org/require-from-string/-/require-from-string-2.0.2.tgz 11108ms (cache miss)
968 http fetch GET 200 https://registry.npmjs.org/vitefu/-/vitefu-1.1.3.tgz 12097ms (cache miss)
969 http fetch GET 200 https://registry.npmjs.org/yocto-queue/-/yocto-queue-0.1.0.tgz 12115ms (cache miss)
970 http fetch GET 200 https://registry.npmjs.org/update-browserslist-db/-/update-browserslist-db-1.2.3.tgz 12079ms (cache miss)
971 http fetch GET 200 https://registry.npmjs.org/typescript-eslint/-/typescript-eslint-8.59.3.tgz 12061ms (cache miss)
972 http fetch GET 200 https://registry.npmjs.org/typed-array-byte-offset/-/typed-array-byte-offset-1.0.4.tgz 12045ms (cache miss)
973 http fetch GET 200 https://registry.npmjs.org/turbo-stream/-/turbo-stream-3.2.0.tgz 12042ms (cache miss)
974 http fetch GET 200 https://registry.npmjs.org/tslib/-/tslib-2.8.1.tgz 12042ms (cache miss)
975 http fetch GET 200 https://registry.npmjs.org/strip-json-comments/-/strip-json-comments-3.1.1.tgz 12004ms (cache miss)
976 http fetch GET 200 https://registry.npmjs.org/safe-push-apply/-/safe-push-apply-1.0.0.tgz 11816ms (cache miss)
977 http fetch GET 200 https://registry.npmjs.org/resolve-from/-/resolve-from-4.0.0.tgz 11795ms (cache miss)
978 http fetch GET 200 https://registry.npmjs.org/regexp.prototype.flags/-/regexp.prototype.flags-1.5.4.tgz 11785ms (cache miss)
979 http fetch GET 200 https://registry.npmjs.org/reflect.getprototypeof/-/reflect.getprototypeof-1.0.10.tgz 11799ms (cache miss)
980 http fetch GET 200 https://registry.npmjs.org/queue-microtask/-/queue-microtask-1.2.3.tgz 11794ms (cache miss)
981 http fetch GET 200 https://registry.npmjs.org/prelude-ls/-/prelude-ls-1.2.1.tgz 11782ms (cache miss)
982 http fetch GET 200 https://registry.npmjs.org/path-key/-/path-key-3.1.1.tgz 11774ms (cache miss)
983 http fetch GET 200 https://registry.npmjs.org/object.groupby/-/object.groupby-1.0.3.tgz 11744ms (cache miss)
984 http fetch GET 200 https://registry.npmjs.org/object.fromentries/-/object.fromentries-2.0.8.tgz 11759ms (cache miss)
985 http fetch GET 200 https://registry.npmjs.org/object.entries/-/object.entries-1.1.9.tgz 11758ms (cache miss)
986 http fetch GET 200 https://registry.npmjs.org/object-keys/-/object-keys-1.1.1.tgz 11758ms (cache miss)
987 http fetch GET 200 https://registry.npmjs.org/merge2/-/merge2-1.4.1.tgz 11701ms (cache miss)
988 http fetch GET 200 https://registry.npmjs.org/lru-cache/-/lru-cache-5.1.1.tgz 11659ms (cache miss)
989 http fetch GET 200 https://registry.npmjs.org/youch-core/-/youch-core-0.3.3.tgz 12419ms (cache miss)
990 http fetch GET 200 https://registry.npmjs.org/vite-plugin-commonjs/-/vite-plugin-commonjs-0.10.4.tgz 12400ms (cache miss)
991 http fetch GET 200 https://registry.npmjs.org/typed-array-buffer/-/typed-array-buffer-1.0.3.tgz 12363ms (cache miss)
992 http fetch GET 200 https://registry.npmjs.org/type-check/-/type-check-0.4.0.tgz 12363ms (cache miss)
993 http fetch GET 200 https://registry.npmjs.org/string.prototype.repeat/-/string.prototype.repeat-1.0.0.tgz 12307ms (cache miss)
994 http fetch GET 200 https://registry.npmjs.org/react-is/-/react-is-16.13.1.tgz 12086ms (cache miss)
995 http fetch GET 200 https://registry.npmjs.org/possible-typed-array-names/-/possible-typed-array-names-1.1.0.tgz 12076ms (cache miss)
996 http fetch GET 200 https://registry.npmjs.org/pathe/-/pathe-2.0.3.tgz 12074ms (cache miss)
997 http fetch GET 200 https://registry.npmjs.org/path-parse/-/path-parse-1.0.7.tgz 12073ms (cache miss)
998 http fetch GET 200 https://registry.npmjs.org/path-exists/-/path-exists-4.0.0.tgz 12061ms (cache miss)
999 http fetch GET 200 https://registry.npmjs.org/parent-module/-/parent-module-1.0.1.tgz 12061ms (cache miss)
1000 http fetch GET 200 https://registry.npmjs.org/p-locate/-/p-locate-5.0.0.tgz 12059ms (cache miss)
1001 http fetch GET 200 https://registry.npmjs.org/own-keys/-/own-keys-1.0.1.tgz 12059ms (cache miss)
1002 http fetch GET 200 https://registry.npmjs.org/p-limit/-/p-limit-3.1.0.tgz 12061ms (cache miss)
1003 http fetch GET 200 https://registry.npmjs.org/ms/-/ms-2.1.3.tgz 12004ms (cache miss)
1004 http fetch GET 200 https://registry.npmjs.org/nanoid/-/nanoid-3.3.12.tgz 12020ms (cache miss)
1005 http fetch GET 200 https://registry.npmjs.org/json-stable-stringify-without-jsonify/-/json-stable-stringify-without-jsonify-1.0.1.tgz 11798ms (cache miss)
1006 http fetch GET 200 https://registry.npmjs.org/tsconfck/-/tsconfck-3.1.6.tgz 12580ms (cache miss)
1007 http fetch GET 200 https://registry.npmjs.org/parse-css-color/-/parse-css-color-0.2.1.tgz 12280ms (cache miss)
1008 http fetch GET 200 https://registry.npmjs.org/optionator/-/optionator-0.9.4.tgz 12274ms (cache miss)
1009 http fetch GET 200 https://registry.npmjs.org/object-assign/-/object-assign-4.1.1.tgz 12243ms (cache miss)
1010 http fetch GET 200 https://registry.npmjs.org/postcss-value-parser/-/postcss-value-parser-4.2.0.tgz 12300ms (cache miss)
1011 http fetch GET 200 https://registry.npmjs.org/math-intrinsics/-/math-intrinsics-1.1.0.tgz 12163ms (cache miss)
1012 http fetch GET 200 https://registry.npmjs.org/loose-envify/-/loose-envify-1.4.0.tgz 12143ms (cache miss)
1013 http fetch GET 200 https://registry.npmjs.org/locate-path/-/locate-path-6.0.0.tgz 12140ms (cache miss)
1014 http fetch GET 200 https://registry.npmjs.org/vite-plugin-dynamic-import/-/vite-plugin-dynamic-import-1.6.0.tgz 12885ms (cache miss)
1015 http fetch GET 200 https://registry.npmjs.org/which-collection/-/which-collection-1.0.2.tgz 12905ms (cache miss)
1016 http fetch GET 200 https://registry.npmjs.org/unicode-trie/-/unicode-trie-2.0.0.tgz 12895ms (cache miss)
1017 http fetch GET 200 https://registry.npmjs.org/string.prototype.trim/-/string.prototype.trim-1.2.10.tgz 12814ms (cache miss)
1018 http fetch GET 200 https://registry.npmjs.org/semver/-/semver-6.3.1.tgz 12640ms (cache miss)
1019 http fetch GET 200 https://registry.npmjs.org/path-to-regexp/-/path-to-regexp-6.3.0.tgz 12557ms (cache miss)
1020 http fetch GET 200 https://registry.npmjs.org/natural-compare/-/natural-compare-1.4.0.tgz 12502ms (cache miss)
1021 http fetch GET 200 https://registry.npmjs.org/minimatch/-/minimatch-3.1.5.tgz 12494ms (cache miss)
1022 http fetch GET 200 https://registry.npmjs.org/json-schema-traverse/-/json-schema-traverse-0.4.1.tgz 12278ms (cache miss)
1023 http fetch GET 200 https://registry.npmjs.org/json-buffer/-/json-buffer-3.0.1.tgz 12278ms (cache miss)
1024 http fetch GET 200 https://registry.npmjs.org/kleur/-/kleur-4.1.5.tgz 12341ms (cache miss)
1025 http fetch GET 200 https://registry.npmjs.org/is-glob/-/is-glob-4.0.3.tgz 12218ms (cache miss)
1026 http fetch GET 200 https://registry.npmjs.org/object.values/-/object.values-1.2.1.tgz 13243ms (cache miss)
1027 http fetch GET 200 https://registry.npmjs.org/node-releases/-/node-releases-2.0.44.tgz 13223ms (cache miss)
1028 http fetch GET 200 https://registry.npmjs.org/picocolors/-/picocolors-1.1.1.tgz 13278ms (cache miss)
1029 http fetch GET 200 https://registry.npmjs.org/lodash.merge/-/lodash.merge-4.6.2.tgz 13123ms (cache miss)
1030 http fetch GET 200 https://registry.npmjs.org/loader-runner/-/loader-runner-4.3.2.tgz 13120ms (cache miss)
1031 http fetch GET 200 https://registry.npmjs.org/language-tags/-/language-tags-1.0.9.tgz 13065ms (cache miss)
1032 http fetch GET 200 https://registry.npmjs.org/isexe/-/isexe-2.0.0.tgz 12977ms (cache miss)
1033 http fetch GET 200 https://registry.npmjs.org/isarray/-/isarray-2.0.5.tgz 12977ms (cache miss)
1034 http fetch GET 200 https://registry.npmjs.org/is-typed-array/-/is-typed-array-1.1.15.tgz 12958ms (cache miss)
1035 http fetch GET 200 https://registry.npmjs.org/is-data-view/-/is-data-view-1.0.2.tgz 12934ms (cache miss)
1036 http fetch GET 200 https://registry.npmjs.org/merge-stream/-/merge-stream-2.0.0.tgz 13176ms (cache miss)
1037 http fetch GET 200 https://registry.npmjs.org/which-boxed-primitive/-/which-boxed-primitive-1.1.1.tgz 13921ms (cache miss)
1038 http fetch GET 200 https://registry.npmjs.org/levn/-/levn-0.4.1.tgz 13383ms (cache miss)
1039 http fetch GET 200 https://registry.npmjs.org/keyv/-/keyv-4.5.4.tgz 13360ms (cache miss)
1040 http fetch GET 200 https://registry.npmjs.org/jsesc/-/jsesc-3.1.0.tgz 13317ms (cache miss)
1041 http fetch GET 200 https://registry.npmjs.org/is-set/-/is-set-2.0.3.tgz 13262ms (cache miss)
1042 http fetch GET 200 https://registry.npmjs.org/is-regex/-/is-regex-1.2.1.tgz 13262ms (cache miss)
1043 http fetch GET 200 https://registry.npmjs.org/is-negative-zero/-/is-negative-zero-2.0.3.tgz 13261ms (cache miss)
1044 http fetch GET 200 https://registry.npmjs.org/is-weakmap/-/is-weakmap-2.0.2.tgz 13284ms (cache miss)
1045 http fetch GET 200 https://registry.npmjs.org/import-fresh/-/import-fresh-3.3.1.tgz 13225ms (cache miss)
1046 http fetch GET 200 https://registry.npmjs.org/has-tostringtag/-/has-tostringtag-1.0.2.tgz 13216ms (cache miss)
1047 http fetch GET 200 https://registry.npmjs.org/is-weakref/-/is-weakref-1.1.1.tgz 13562ms (cache miss)
1048 http fetch GET 200 https://registry.npmjs.org/iterator.prototype/-/iterator.prototype-1.1.5.tgz 13581ms (cache miss)
1049 http fetch GET 200 https://registry.npmjs.org/is-generator-function/-/is-generator-function-1.1.2.tgz 13538ms (cache miss)
1050 http fetch GET 200 https://registry.npmjs.org/is-finalizationregistry/-/is-finalizationregistry-1.1.1.tgz 13537ms (cache miss)
1051 http fetch GET 200 https://registry.npmjs.org/is-date-object/-/is-date-object-1.1.0.tgz 13535ms (cache miss)
1052 http fetch GET 200 https://registry.npmjs.org/is-bun-module/-/is-bun-module-2.0.0.tgz 13522ms (cache miss)
1053 http fetch GET 200 https://registry.npmjs.org/ipaddr.js/-/ipaddr.js-2.4.0.tgz 13533ms (cache miss)
1054 http fetch GET 200 https://registry.npmjs.org/is-symbol/-/is-symbol-1.1.1.tgz 13574ms (cache miss)
1055 http fetch GET 200 https://registry.npmjs.org/is-array-buffer/-/is-array-buffer-3.0.5.tgz 13534ms (cache miss)
1056 http fetch GET 200 https://registry.npmjs.org/is-callable/-/is-callable-1.2.7.tgz 13539ms (cache miss)
1057 http fetch GET 200 https://registry.npmjs.org/graceful-fs/-/graceful-fs-4.2.11.tgz 13498ms (cache miss)
1058 http fetch GET 200 https://registry.npmjs.org/gopd/-/gopd-1.2.0.tgz 13498ms (cache miss)
1059 http fetch GET 200 https://registry.npmjs.org/which-builtin-type/-/which-builtin-type-1.2.1.tgz 15080ms (cache miss)
1060 http fetch GET 200 https://registry.npmjs.org/tapable/-/tapable-2.3.3.tgz 15018ms (cache miss)
1061 http fetch GET 200 https://registry.npmjs.org/mime-db/-/mime-db-1.54.0.tgz 14694ms (cache miss)
1062 http fetch GET 200 https://registry.npmjs.org/is-weakset/-/is-weakset-2.0.4.tgz 14444ms (cache miss)
1063 http fetch GET 200 https://registry.npmjs.org/js-tokens/-/js-tokens-4.0.0.tgz 14480ms (cache miss)
1064 http fetch GET 200 https://registry.npmjs.org/is-shared-array-buffer/-/is-shared-array-buffer-1.0.4.tgz 14452ms (cache miss)
1065 http fetch GET 200 https://registry.npmjs.org/is-number-object/-/is-number-object-1.1.1.tgz 14438ms (cache miss)
1066 http fetch GET 200 https://registry.npmjs.org/ignore/-/ignore-5.3.2.tgz 14398ms (cache miss)
1067 http fetch GET 200 https://registry.npmjs.org/has-proto/-/has-proto-1.2.0.tgz 14378ms (cache miss)
1068 http fetch GET 200 https://registry.npmjs.org/hex-rgb/-/hex-rgb-4.3.0.tgz 14399ms (cache miss)
1069 http fetch GET 200 https://registry.npmjs.org/find-up/-/find-up-5.0.0.tgz 14417ms (cache miss)
1070 http fetch GET 200 https://registry.npmjs.org/is-number/-/is-number-7.0.0.tgz 14739ms (cache miss)
1071 http fetch GET 200 https://registry.npmjs.org/is-map/-/is-map-2.0.3.tgz 14756ms (cache miss)
1072 http fetch GET 200 https://registry.npmjs.org/is-string/-/is-string-1.1.1.tgz 14773ms (cache miss)
1073 http fetch GET 200 https://registry.npmjs.org/is-boolean-object/-/is-boolean-object-1.2.2.tgz 14736ms (cache miss)
1074 http fetch GET 200 https://registry.npmjs.org/is-bigint/-/is-bigint-1.1.0.tgz 14736ms (cache miss)
1075 http fetch GET 200 https://registry.npmjs.org/hasown/-/hasown-2.0.3.tgz 14699ms (cache miss)
1076 http fetch GET 200 https://registry.npmjs.org/has-property-descriptors/-/has-property-descriptors-1.0.2.tgz 14697ms (cache miss)
1077 http fetch GET 200 https://registry.npmjs.org/has-flag/-/has-flag-4.0.0.tgz 14683ms (cache miss)
1078 http fetch GET 200 https://registry.npmjs.org/globrex/-/globrex-0.1.2.tgz 14678ms (cache miss)
1079 http fetch GET 200 https://registry.npmjs.org/glob-to-regexp/-/glob-to-regexp-0.4.1.tgz 14676ms (cache miss)
1080 http fetch GET 200 https://registry.npmjs.org/get-symbol-description/-/get-symbol-description-1.1.0.tgz 14663ms (cache miss)
1081 http fetch GET 200 https://registry.npmjs.org/get-proto/-/get-proto-1.0.1.tgz 14658ms (cache miss)
1082 http fetch GET 200 https://registry.npmjs.org/fill-range/-/fill-range-7.1.1.tgz 14639ms (cache miss)
1083 http fetch GET 200 https://registry.npmjs.org/fast-deep-equal/-/fast-deep-equal-3.1.3.tgz 14621ms (cache miss)
1084 http fetch GET 200 https://registry.npmjs.org/scheduler/-/scheduler-0.27.0.tgz 15436ms (cache miss)
1085 http fetch GET 200 https://registry.npmjs.org/micromatch/-/micromatch-4.0.8.tgz 15261ms (cache miss)
1086 http fetch GET 200 https://registry.npmjs.org/is-core-module/-/is-core-module-2.16.2.tgz 14984ms (cache miss)
1087 http fetch GET 200 https://registry.npmjs.org/is-async-function/-/is-async-function-2.1.1.tgz 14978ms (cache miss)
1088 http fetch GET 200 https://registry.npmjs.org/internal-slot/-/internal-slot-1.1.0.tgz 14976ms (cache miss)
1089 http fetch GET 200 https://registry.npmjs.org/is-extglob/-/is-extglob-2.1.1.tgz 14995ms (cache miss)
1090 http fetch GET 200 https://registry.npmjs.org/imurmurhash/-/imurmurhash-0.1.4.tgz 14967ms (cache miss)
1091 http fetch GET 200 https://registry.npmjs.org/globals/-/globals-14.0.0.tgz 14920ms (cache miss)
1092 http fetch GET 200 https://registry.npmjs.org/gensync/-/gensync-1.0.0-beta.2.tgz 14912ms (cache miss)
1093 http fetch GET 200 https://registry.npmjs.org/function.prototype.name/-/function.prototype.name-1.1.8.tgz 14900ms (cache miss)
1094 http fetch GET 200 https://registry.npmjs.org/function-bind/-/function-bind-1.1.2.tgz 14900ms (cache miss)
1095 http fetch GET 200 https://registry.npmjs.org/for-each/-/for-each-0.3.5.tgz 14899ms (cache miss)
1096 http fetch GET 200 https://registry.npmjs.org/fast-levenshtein/-/fast-levenshtein-2.0.6.tgz 14880ms (cache miss)
1097 http fetch GET 200 https://registry.npmjs.org/file-entry-cache/-/file-entry-cache-8.0.0.tgz 14943ms (cache miss)
1098 http fetch GET 200 https://registry.npmjs.org/linebreak/-/linebreak-1.1.0.tgz 15738ms (cache miss)
1099 http fetch GET 200 https://registry.npmjs.org/glob-parent/-/glob-parent-6.0.2.tgz 15520ms (cache miss)
1100 http fetch GET 200 https://registry.npmjs.org/get-intrinsic/-/get-intrinsic-1.3.0.tgz 15533ms (cache miss)
1101 http fetch GET 200 https://registry.npmjs.org/fast-json-stable-stringify/-/fast-json-stable-stringify-2.1.0.tgz 15777ms (cache miss)
1102 http fetch GET 200 https://registry.npmjs.org/estree-walker/-/estree-walker-3.0.3.tgz 15763ms (cache miss)
1103 http fetch GET 200 https://registry.npmjs.org/estraverse/-/estraverse-5.3.0.tgz 15759ms (cache miss)
1104 http fetch GET 200 https://registry.npmjs.org/esrecurse/-/esrecurse-4.3.0.tgz 15760ms (cache miss)
1105 http fetch GET 200 https://registry.npmjs.org/functions-have-names/-/functions-have-names-1.2.3.tgz 15842ms (cache miss)
1106 http fetch GET 200 https://registry.npmjs.org/es-define-property/-/es-define-property-1.0.1.tgz 15594ms (cache miss)
1107 http fetch GET 200 https://registry.npmjs.org/error-stack-parser-es/-/error-stack-parser-es-1.0.5.tgz 15598ms (cache miss)
1108 http fetch GET 200 https://registry.npmjs.org/ts-api-utils/-/ts-api-utils-2.5.0.tgz 16942ms (cache miss)
1109 http fetch GET 200 https://registry.npmjs.org/has-bigints/-/has-bigints-1.1.0.tgz 16260ms (cache miss)
1110 http fetch GET 200 https://registry.npmjs.org/flatted/-/flatted-3.4.2.tgz 16217ms (cache miss)
1111 http fetch GET 200 https://registry.npmjs.org/flat-cache/-/flat-cache-4.0.1.tgz 16216ms (cache miss)
1112 http fetch GET 200 https://registry.npmjs.org/esutils/-/esutils-2.0.3.tgz 16195ms (cache miss)
1113 http fetch GET 200 https://registry.npmjs.org/eslint-config-next/-/eslint-config-next-16.2.6.tgz 16018ms (cache miss)
1114 http fetch GET 200 https://registry.npmjs.org/eslint-import-resolver-node/-/eslint-import-resolver-node-0.3.10.tgz 16021ms (cache miss)
1115 http fetch GET 200 https://registry.npmjs.org/escape-string-regexp/-/escape-string-regexp-4.0.0.tgz 16001ms (cache miss)
1116 http fetch GET 200 https://registry.npmjs.org/escape-html/-/escape-html-1.0.3.tgz 16000ms (cache miss)
1117 http fetch GET 200 https://registry.npmjs.org/escalade/-/escalade-3.2.0.tgz 16001ms (cache miss)
1118 http fetch GET 200 https://registry.npmjs.org/dunder-proto/-/dunder-proto-1.0.1.tgz 15959ms (cache miss)
1119 http fetch GET 200 https://registry.npmjs.org/define-data-property/-/define-data-property-1.1.4.tgz 15944ms (cache miss)
1120 http fetch GET 200 https://registry.npmjs.org/get-tsconfig/-/get-tsconfig-4.14.0.tgz 16424ms (cache miss)
1121 http fetch GET 200 https://registry.npmjs.org/es-set-tostringtag/-/es-set-tostringtag-2.1.0.tgz 16178ms (cache miss)
1122 http fetch GET 200 https://registry.npmjs.org/es-errors/-/es-errors-1.3.0.tgz 16178ms (cache miss)
1123 http fetch GET 200 https://registry.npmjs.org/debug/-/debug-4.4.3.tgz 16156ms (cache miss)
1124 http fetch GET 200 https://registry.npmjs.org/emoji-regex-xs/-/emoji-regex-xs-2.0.1.tgz 16176ms (cache miss)
1125 http fetch GET 200 https://registry.npmjs.org/data-view-byte-length/-/data-view-byte-length-1.0.2.tgz 16155ms (cache miss)
1126 http fetch GET 200 https://registry.npmjs.org/damerau-levenshtein/-/damerau-levenshtein-1.0.8.tgz 16154ms (cache miss)
1127 http fetch GET 200 https://registry.npmjs.org/css-gradient-parser/-/css-gradient-parser-0.0.16.tgz 16142ms (cache miss)
1128 http fetch GET 200 https://registry.npmjs.org/which-typed-array/-/which-typed-array-1.1.20.tgz 17884ms (cache miss)
1129 http fetch GET 200 https://registry.npmjs.org/terser-webpack-plugin/-/terser-webpack-plugin-5.6.0.tgz 17801ms (cache miss)
1130 http fetch GET 200 https://registry.npmjs.org/prop-types/-/prop-types-15.8.1.tgz 17538ms (cache miss)
1131 http fetch GET 200 https://registry.npmjs.org/fastq/-/fastq-1.20.1.tgz 17042ms (cache miss)
1132 http fetch GET 200 https://registry.npmjs.org/generator-function/-/generator-function-2.0.1.tgz 17076ms (cache miss)
1133 http fetch GET 200 https://registry.npmjs.org/eslint-visitor-keys/-/eslint-visitor-keys-4.2.1.tgz 17019ms (cache miss)
1134 http fetch GET 200 https://registry.npmjs.org/eslint-import-resolver-typescript/-/eslint-import-resolver-typescript-3.10.1.tgz 16883ms (cache miss)
1135 http fetch GET 200 https://registry.npmjs.org/detect-libc/-/detect-libc-2.1.2.tgz 16799ms (cache miss)
1136 http fetch GET 200 https://registry.npmjs.org/deep-is/-/deep-is-0.1.4.tgz 16796ms (cache miss)
1137 http fetch GET 200 https://registry.npmjs.org/define-properties/-/define-properties-1.2.1.tgz 16800ms (cache miss)
1138 http fetch GET 200 https://registry.npmjs.org/css-background-parser/-/css-background-parser-0.1.0.tgz 16779ms (cache miss)
1139 http fetch GET 200 https://registry.npmjs.org/data-view-byte-offset/-/data-view-byte-offset-1.0.1.tgz 16796ms (cache miss)
1140 http fetch GET 200 https://registry.npmjs.org/color-name/-/color-name-1.1.4.tgz 16760ms (cache miss)
1141 http fetch GET 200 https://registry.npmjs.org/camelize/-/camelize-1.0.1.tgz 16742ms (cache miss)
1142 http fetch GET 200 https://registry.npmjs.org/picomatch/-/picomatch-2.3.2.tgz 17739ms (cache miss)
1143 http fetch GET 200 https://registry.npmjs.org/object.assign/-/object.assign-4.1.7.tgz 17717ms (cache miss)
1144 http fetch GET 200 https://registry.npmjs.org/globalthis/-/globalthis-1.0.4.tgz 17358ms (cache miss)
1145 http fetch GET 200 https://registry.npmjs.org/espree/-/espree-10.4.0.tgz 17280ms (cache miss)
1146 http fetch GET 200 https://registry.npmjs.org/data-view-buffer/-/data-view-buffer-1.0.2.tgz 17053ms (cache miss)
1147 http fetch GET 200 https://registry.npmjs.org/css-box-shadow/-/css-box-shadow-1.0.0-3.tgz 17040ms (cache miss)
1148 http fetch GET 200 https://registry.npmjs.org/cookie/-/cookie-1.1.1.tgz 17038ms (cache miss)
1149 http fetch GET 200 https://registry.npmjs.org/brace-expansion/-/brace-expansion-1.1.14.tgz 16983ms (cache miss)
1150 http fetch GET 200 https://registry.npmjs.org/balanced-match/-/balanced-match-1.0.2.tgz 16981ms (cache miss)
1151 http fetch GET 200 https://registry.npmjs.org/es-shim-unscopables/-/es-shim-unscopables-1.1.0.tgz 17321ms (cache miss)
1152 http fetch GET 200 https://registry.npmjs.org/cross-spawn/-/cross-spawn-7.0.6.tgz 17277ms (cache miss)
1153 http fetch GET 200 https://registry.npmjs.org/convert-source-map/-/convert-source-map-2.0.0.tgz 17263ms (cache miss)
1154 http fetch GET 200 https://registry.npmjs.org/client-only/-/client-only-0.0.1.tgz 17261ms (cache miss)
1155 http fetch GET 200 https://registry.npmjs.org/available-typed-arrays/-/available-typed-arrays-1.0.7.tgz 17220ms (cache miss)
1156 http fetch GET 200 https://registry.npmjs.org/call-bind-apply-helpers/-/call-bind-apply-helpers-1.0.2.tgz 17258ms (cache miss)
1157 http fetch GET 200 https://registry.npmjs.org/napi-postinstall/-/napi-postinstall-0.3.4.tgz 18576ms (cache miss)
1158 http fetch GET 200 https://registry.npmjs.org/has-symbols/-/has-symbols-1.1.0.tgz 18299ms (cache miss)
1159 http fetch GET 200 https://registry.npmjs.org/es-object-atoms/-/es-object-atoms-1.1.1.tgz 18019ms (cache miss)
1160 http fetch GET 200 https://registry.npmjs.org/commander/-/commander-2.20.3.tgz 17943ms (cache miss)
1161 http fetch GET 200 https://registry.npmjs.org/color-convert/-/color-convert-2.0.1.tgz 17942ms (cache miss)
1162 http fetch GET 200 https://registry.npmjs.org/chrome-trace-event/-/chrome-trace-event-1.0.4.tgz 17941ms (cache miss)
1163 http fetch GET 200 https://registry.npmjs.org/callsites/-/callsites-3.1.0.tgz 17924ms (cache miss)
1164 http fetch GET 200 https://registry.npmjs.org/call-bound/-/call-bound-1.0.4.tgz 17937ms (cache miss)
1165 http fetch GET 200 https://registry.npmjs.org/call-bind/-/call-bind-1.0.9.tgz 17937ms (cache miss)
1166 http fetch GET 200 https://registry.npmjs.org/buffer-from/-/buffer-from-1.1.2.tgz 17936ms (cache miss)
1167 http fetch GET 200 https://registry.npmjs.org/braces/-/braces-3.0.3.tgz 17922ms (cache miss)
1168 http fetch GET 200 https://registry.npmjs.org/base64-js/-/base64-js-0.0.8.tgz 17920ms (cache miss)
1169 http fetch GET 200 https://registry.npmjs.org/ast-types-flow/-/ast-types-flow-0.0.8.tgz 17918ms (cache miss)
1170 http fetch GET 200 https://registry.npmjs.org/@webassemblyjs/wast-printer/-/wast-printer-1.14.1.tgz 17823ms (cache miss)
1171 http fetch GET 200 https://registry.npmjs.org/@webassemblyjs/wasm-opt/-/wasm-opt-1.14.1.tgz 17800ms (cache miss)
1172 http fetch GET 200 https://registry.npmjs.org/chalk/-/chalk-4.1.2.tgz 18002ms (cache miss)
1173 http fetch GET 200 https://registry.npmjs.org/string.prototype.matchall/-/string.prototype.matchall-4.0.12.tgz 19185ms (cache miss)
1174 http fetch GET 200 https://registry.npmjs.org/doctrine/-/doctrine-2.1.0.tgz 18219ms (cache miss)
1175 http fetch GET 200 https://registry.npmjs.org/css-color-keywords/-/css-color-keywords-1.0.0.tgz 18198ms (cache miss)
1176 http fetch GET 200 https://registry.npmjs.org/concat-map/-/concat-map-0.0.1.tgz 18181ms (cache miss)
1177 http fetch GET 200 https://registry.npmjs.org/browserslist/-/browserslist-4.28.2.tgz 18154ms (cache miss)
1178 http fetch GET 200 https://registry.npmjs.org/async-function/-/async-function-1.0.0.tgz 18138ms (cache miss)
1179 http fetch GET 200 https://registry.npmjs.org/arraybuffer.prototype.slice/-/arraybuffer.prototype.slice-1.0.4.tgz 18138ms (cache miss)
1180 http fetch GET 200 https://registry.npmjs.org/array.prototype.tosorted/-/array.prototype.tosorted-1.1.4.tgz 18136ms (cache miss)
1181 http fetch GET 200 https://registry.npmjs.org/array.prototype.flatmap/-/array.prototype.flatmap-1.3.3.tgz 18136ms (cache miss)
1182 http fetch GET 200 https://registry.npmjs.org/array.prototype.findlastindex/-/array.prototype.findlastindex-1.2.6.tgz 18121ms (cache miss)
1183 http fetch GET 200 https://registry.npmjs.org/array-buffer-byte-length/-/array-buffer-byte-length-1.0.2.tgz 18120ms (cache miss)
1184 http fetch GET 200 https://registry.npmjs.org/@webassemblyjs/helper-wasm-bytecode/-/helper-wasm-bytecode-1.13.2.tgz 17919ms (cache miss)
1185 http fetch GET 200 https://registry.npmjs.org/@webassemblyjs/helper-numbers/-/helper-numbers-1.13.2.tgz 17904ms (cache miss)
1186 http fetch GET 200 https://registry.npmjs.org/@webassemblyjs/helper-buffer/-/helper-buffer-1.14.1.tgz 17904ms (cache miss)
1187 http fetch GET 200 https://registry.npmjs.org/source-map-js/-/source-map-js-1.2.1.tgz 19375ms (cache miss)
1188 http fetch GET 200 https://registry.npmjs.org/es-module-lexer/-/es-module-lexer-2.1.0.tgz 18501ms (cache miss)
1189 http fetch GET 200 https://registry.npmjs.org/esbuild/-/esbuild-0.28.0.tgz 18505ms (cache miss)
1190 http fetch GET 200 https://registry.npmjs.org/acorn-import-phases/-/acorn-import-phases-1.0.4.tgz 18336ms (cache miss)
1191 http fetch GET 200 https://registry.npmjs.org/@webassemblyjs/wasm-gen/-/wasm-gen-1.14.1.tgz 18243ms (cache miss)
1192 http fetch GET 200 https://registry.npmjs.org/@webassemblyjs/utf8/-/utf8-1.13.2.tgz 18241ms (cache miss)
1193 http fetch GET 200 https://registry.npmjs.org/@unpic/core/-/core-1.0.3.tgz 18141ms (cache miss)
1194 http fetch GET 200 https://registry.npmjs.org/@webassemblyjs/wasm-edit/-/wasm-edit-1.14.1.tgz 18260ms (cache miss)
1195 http fetch GET 200 https://registry.npmjs.org/array.prototype.flat/-/array.prototype.flat-1.3.3.tgz 19021ms (cache miss)
1196 http fetch GET 200 https://registry.npmjs.org/array-includes/-/array-includes-3.1.9.tgz 19019ms (cache miss)
1197 http fetch GET 200 https://registry.npmjs.org/@webassemblyjs/ieee754/-/ieee754-1.13.2.tgz 18884ms (cache miss)
1198 http fetch GET 200 https://registry.npmjs.org/@webassemblyjs/helper-wasm-section/-/helper-wasm-section-1.14.1.tgz 18861ms (cache miss)
1199 http fetch GET 200 https://registry.npmjs.org/@webassemblyjs/helper-api-error/-/helper-api-error-1.13.2.tgz 18823ms (cache miss)
1200 http fetch GET 200 https://registry.npmjs.org/@webassemblyjs/floating-point-hex-parser/-/floating-point-hex-parser-1.13.2.tgz 18838ms (cache miss)
1201 http fetch GET 200 https://registry.npmjs.org/@typescript-eslint/tsconfig-utils/-/tsconfig-utils-8.59.3.tgz 18832ms (cache miss)
1202 http fetch GET 200 https://registry.npmjs.org/@typescript-eslint/project-service/-/project-service-8.59.3.tgz 18820ms (cache miss)
1203 http fetch GET 200 https://registry.npmjs.org/@types/json-schema/-/json-schema-7.0.15.tgz 18803ms (cache miss)
1204 http fetch GET 200 https://registry.npmjs.org/watchpack/-/watchpack-2.5.1.tgz 20441ms (cache miss)
1205 http fetch GET 200 https://registry.npmjs.org/minimist/-/minimist-1.2.8.tgz 20022ms (cache miss)
1206 http fetch GET 200 https://registry.npmjs.org/acorn-jsx/-/acorn-jsx-5.3.2.tgz 19215ms (cache miss)
1207 http fetch GET 200 https://registry.npmjs.org/@xtuc/ieee754/-/ieee754-1.2.0.tgz 19199ms (cache miss)
1208 http fetch GET 200 https://registry.npmjs.org/@typescript-eslint/visitor-keys/-/visitor-keys-8.59.3.tgz 18999ms (cache miss)
1209 http fetch GET 200 https://registry.npmjs.org/@poppinss/exception/-/exception-1.2.3.tgz 18903ms (cache miss)
1210 http fetch GET 200 https://registry.npmjs.org/ansi-styles/-/ansi-styles-4.3.0.tgz 19385ms (cache miss)
1211 http fetch GET 200 https://registry.npmjs.org/acorn-loose/-/acorn-loose-8.5.2.tgz 19395ms (cache miss)
1212 http fetch GET 200 https://registry.npmjs.org/@webassemblyjs/leb128/-/leb128-1.13.2.tgz 19296ms (cache miss)
1213 http fetch GET 200 https://registry.npmjs.org/@typescript-eslint/parser/-/parser-8.59.3.tgz 19160ms (cache miss)
1214 http fetch GET 200 https://registry.npmjs.org/@vitejs/plugin-react/-/plugin-react-6.0.2.tgz 19198ms (cache miss)
1215 http fetch GET 200 https://registry.npmjs.org/@types/react-dom/-/react-dom-19.2.3.tgz 19160ms (cache miss)
1216 http fetch GET 200 https://registry.npmjs.org/@types/json5/-/json5-0.0.29.tgz 19158ms (cache miss)
1217 http fetch GET 200 https://registry.npmjs.org/@types/eslint-scope/-/eslint-scope-3.7.7.tgz 19157ms (cache miss)
1218 http fetch GET 200 https://registry.npmjs.org/@poppinss/colors/-/colors-4.1.6.tgz 19081ms (cache miss)
1219 http fetch GET 200 https://registry.npmjs.org/@oxc-project/types/-/types-0.130.0.tgz 19080ms (cache miss)
1220 http fetch GET 200 https://registry.npmjs.org/@nolyfill/is-core-module/-/is-core-module-1.0.39.tgz 19062ms (cache miss)
1221 http fetch GET 200 https://registry.npmjs.org/argparse/-/argparse-2.0.1.tgz 19545ms (cache miss)
1222 http fetch GET 200 https://registry.npmjs.org/@types/estree/-/estree-1.0.9.tgz 19300ms (cache miss)
1223 http fetch GET 200 https://registry.npmjs.org/@sindresorhus/is/-/is-7.2.0.tgz 19261ms (cache miss)
1224 http fetch GET 200 https://registry.npmjs.org/@rtsao/scc/-/scc-1.1.0.tgz 19259ms (cache miss)
1225 http fetch GET 200 https://registry.npmjs.org/@rolldown/pluginutils/-/pluginutils-1.0.1.tgz 19259ms (cache miss)
1226 http fetch GET 200 https://registry.npmjs.org/@next/env/-/env-16.2.6.tgz 19213ms (cache miss)
1227 http fetch GET 200 https://registry.npmjs.org/@jridgewell/source-map/-/source-map-0.3.11.tgz 19199ms (cache miss)
1228 http fetch GET 200 https://registry.npmjs.org/electron-to-chromium/-/electron-to-chromium-1.5.358.tgz 19875ms (cache miss)
1229 http fetch GET 200 https://registry.npmjs.org/@tailwindcss/oxide/-/oxide-4.2.1.tgz 19558ms (cache miss)
1230 http fetch GET 200 https://registry.npmjs.org/@nodelib/fs.stat/-/fs.stat-2.0.5.tgz 19478ms (cache miss)
1231 http fetch GET 200 https://registry.npmjs.org/@nodelib/fs.scandir/-/fs.scandir-2.1.5.tgz 19478ms (cache miss)
1232 http fetch GET 200 https://registry.npmjs.org/@humanfs/types/-/types-0.15.0.tgz 19536ms (cache miss)
1233 http fetch GET 200 https://registry.npmjs.org/array.prototype.findlast/-/array.prototype.findlast-1.2.5.tgz 20300ms (cache miss)
1234 http fetch GET 200 https://registry.npmjs.org/@jridgewell/remapping/-/remapping-2.3.5.tgz 19901ms (cache miss)
1235 http fetch GET 200 https://registry.npmjs.org/@eslint/config-helpers/-/config-helpers-0.4.2.tgz 19882ms (cache miss)
1236 http fetch GET 200 https://registry.npmjs.org/@humanwhocodes/retry/-/retry-0.4.3.tgz 19903ms (cache miss)
1237 http fetch GET 200 https://registry.npmjs.org/@humanwhocodes/module-importer/-/module-importer-1.0.1.tgz 19903ms (cache miss)
1238 http fetch GET 200 https://registry.npmjs.org/@esbuild-kit/esm-loader/-/esm-loader-2.6.5.tgz 19864ms (cache miss)
1239 warn deprecated @esbuild-kit/esm-loader@2.6.5: Merged into tsx: https://tsx.is
1240 http fetch GET 200 https://registry.npmjs.org/json5/-/json5-2.2.3.tgz 21042ms (cache miss)
1241 http fetch GET 200 https://registry.npmjs.org/emoji-regex/-/emoji-regex-9.2.2.tgz 20599ms (cache miss)
1242 http fetch GET 200 https://registry.npmjs.org/@tailwindcss/postcss/-/postcss-4.2.1.tgz 20199ms (cache miss)
1243 http fetch GET 200 https://registry.npmjs.org/@jridgewell/resolve-uri/-/resolve-uri-3.1.2.tgz 20082ms (cache miss)
1244 http fetch GET 200 https://registry.npmjs.org/@humanfs/node/-/node-0.16.8.tgz 20061ms (cache miss)
1245 http fetch GET 200 https://registry.npmjs.org/@img/colour/-/colour-1.1.0.tgz 20064ms (cache miss)
1246 http fetch GET 200 https://registry.npmjs.org/@eslint/js/-/js-9.39.4.tgz 20047ms (cache miss)
1247 http fetch GET 200 https://registry.npmjs.org/@cloudflare/unenv-preset/-/unenv-preset-2.16.1.tgz 19857ms (cache miss)
1248 http fetch GET 200 https://registry.npmjs.org/ajv-formats/-/ajv-formats-2.1.1.tgz 20561ms (cache miss)
1249 http fetch GET 200 https://registry.npmjs.org/@tailwindcss/node/-/node-4.2.1.tgz 20300ms (cache miss)
1250 http fetch GET 200 https://registry.npmjs.org/@esbuild-kit/core-utils/-/core-utils-3.3.2.tgz 20143ms (cache miss)
1251 warn deprecated @esbuild-kit/core-utils@3.3.2: Merged into tsx: https://tsx.is
1252 http fetch GET 200 https://registry.npmjs.org/@babel/helper-validator-option/-/helper-validator-option-7.27.1.tgz 19935ms (cache miss)
1253 http fetch GET 200 https://registry.npmjs.org/schema-utils/-/schema-utils-4.3.3.tgz 21617ms (cache miss)
1254 http fetch GET 200 https://registry.npmjs.org/eslint-scope/-/eslint-scope-8.4.0.tgz 21017ms (cache miss)
1255 http fetch GET 200 https://registry.npmjs.org/@webassemblyjs/wasm-parser/-/wasm-parser-1.14.1.tgz 20583ms (cache miss)
1256 http fetch GET 200 https://registry.npmjs.org/@babel/helper-string-parser/-/helper-string-parser-7.27.1.tgz 20002ms (cache miss)
1257 http fetch GET 200 https://registry.npmjs.org/@babel/helper-globals/-/helper-globals-7.28.0.tgz 20000ms (cache miss)
1258 http fetch GET 200 https://registry.npmjs.org/vite-tsconfig-paths/-/vite-tsconfig-paths-6.1.1.tgz 21998ms (cache miss)
1259 http fetch GET 200 https://registry.npmjs.org/react/-/react-19.2.6.tgz 21674ms (cache miss)
1260 http fetch GET 200 https://registry.npmjs.org/node-exports-info/-/node-exports-info-1.6.0.tgz 21621ms (cache miss)
1261 http fetch GET 200 https://registry.npmjs.org/baseline-browser-mapping/-/baseline-browser-mapping-2.10.30.tgz 20861ms (cache miss)
1262 http fetch GET 200 https://registry.npmjs.org/@eslint/core/-/core-0.17.0.tgz 20399ms (cache miss)
1263 http fetch GET 200 https://registry.npmjs.org/@alloc/quick-lru/-/quick-lru-5.2.0.tgz 20120ms (cache miss)
1264 http fetch GET 200 https://registry.npmjs.org/estraverse/-/estraverse-4.3.0.tgz 20119ms (cache miss)
1265 http fetch GET 200 https://registry.npmjs.org/es-to-primitive/-/es-to-primitive-1.3.0.tgz 21042ms (cache miss)
1266 http fetch GET 200 https://registry.npmjs.org/@typescript-eslint/types/-/types-8.59.3.tgz 20656ms (cache miss)
1267 http fetch GET 200 https://registry.npmjs.org/@humanfs/core/-/core-0.19.2.tgz 20478ms (cache miss)
1268 http fetch GET 200 https://registry.npmjs.org/@cspotcode/source-map-support/-/source-map-support-0.8.1.tgz 20440ms (cache miss)
1269 http fetch GET 200 https://registry.npmjs.org/@babel/helper-module-imports/-/helper-module-imports-7.28.6.tgz 20220ms (cache miss)
1270 http fetch GET 200 https://registry.npmjs.org/@babel/compat-data/-/compat-data-7.29.3.tgz 20216ms (cache miss)
1271 http fetch GET 200 https://registry.npmjs.org/@xtuc/long/-/long-4.2.2.tgz 20961ms (cache miss)
1272 http fetch GET 200 https://registry.npmjs.org/@eslint/object-schema/-/object-schema-2.1.7.tgz 20596ms (cache miss)
1273 http fetch GET 200 https://registry.npmjs.org/json-schema-traverse/-/json-schema-traverse-1.0.0.tgz 20278ms (cache miss)
1274 http fetch GET 200 https://registry.npmjs.org/supports-color/-/supports-color-8.1.1.tgz 20276ms (cache miss)
1275 http fetch GET 200 https://registry.npmjs.org/jest-worker/-/jest-worker-27.5.1.tgz 21898ms (cache miss)
1276 http fetch GET 200 https://registry.npmjs.org/eslint-module-utils/-/eslint-module-utils-2.12.1.tgz 21579ms (cache miss)
1277 http fetch GET 200 https://registry.npmjs.org/@babel/code-frame/-/code-frame-7.29.0.tgz 20719ms (cache miss)
1278 http fetch GET 200 https://registry.npmjs.org/glob-parent/-/glob-parent-5.1.2.tgz 20738ms (cache miss)
1279 http fetch GET 200 https://registry.npmjs.org/magic-string/-/magic-string-0.30.21.tgz 22261ms (cache miss)
1280 http fetch GET 200 https://registry.npmjs.org/@eslint/plugin-kit/-/plugin-kit-0.4.1.tgz 21118ms (cache miss)
1281 http fetch GET 200 https://registry.npmjs.org/@babel/helper-validator-identifier/-/helper-validator-identifier-7.28.5.tgz 20860ms (cache miss)
1282 http fetch GET 200 https://registry.npmjs.org/debug/-/debug-3.2.7.tgz 20793ms (cache miss)
1283 http fetch GET 200 https://registry.npmjs.org/brace-expansion/-/brace-expansion-5.0.6.tgz 20756ms (cache miss)
1284 http fetch GET 200 https://registry.npmjs.org/balanced-match/-/balanced-match-4.0.4.tgz 20757ms (cache miss)
1285 http fetch GET 200 https://registry.npmjs.org/zod-validation-error/-/zod-validation-error-4.0.2.tgz 22826ms (cache miss)
1286 http fetch GET 200 https://registry.npmjs.org/hermes-estree/-/hermes-estree-0.25.1.tgz 22058ms (cache miss)
1287 http fetch GET 200 https://registry.npmjs.org/esbuild/-/esbuild-0.27.3.tgz 20899ms (cache miss)
1288 http fetch GET 200 https://registry.npmjs.org/json5/-/json5-1.0.2.tgz 20879ms (cache miss)
1289 http fetch GET 200 https://registry.npmjs.org/fdir/-/fdir-6.5.0.tgz 20881ms (cache miss)
1290 http fetch GET 200 https://registry.npmjs.org/js-tokens/-/js-tokens-9.0.1.tgz 20880ms (cache miss)
1291 http fetch GET 200 https://registry.npmjs.org/supports-color/-/supports-color-10.2.2.tgz 20820ms (cache miss)
1292 http fetch GET 200 https://registry.npmjs.org/eslint-visitor-keys/-/eslint-visitor-keys-5.0.1.tgz 20840ms (cache miss)
1293 http fetch GET 200 https://registry.npmjs.org/events/-/events-3.3.0.tgz 22038ms (cache miss)
1294 http fetch GET 200 https://registry.npmjs.org/@types/eslint/-/eslint-9.6.1.tgz 21439ms (cache miss)
1295 http fetch GET 200 https://registry.npmjs.org/picomatch/-/picomatch-4.0.4.tgz 21022ms (cache miss)
1296 http fetch GET 200 https://registry.npmjs.org/json-schema-traverse/-/json-schema-traverse-1.0.0.tgz 20979ms (cache miss)
1297 http fetch GET 200 https://registry.npmjs.org/@rolldown/pluginutils/-/pluginutils-1.0.0-rc.18.tgz 20964ms (cache miss)
1298 http fetch GET 200 https://registry.npmjs.org/undici-types/-/undici-types-6.21.0.tgz 22996ms (cache miss)
1299 http fetch GET 200 https://registry.npmjs.org/glob-parent/-/glob-parent-5.1.2.tgz 21058ms (cache miss)
1300 http fetch GET 200 https://registry.npmjs.org/es-module-lexer/-/es-module-lexer-1.7.0.tgz 21085ms (cache miss)
1301 http fetch GET 200 https://registry.npmjs.org/ignore/-/ignore-7.0.5.tgz 21036ms (cache miss)
1302 http fetch GET 200 https://registry.npmjs.org/srvx/-/srvx-0.11.15.tgz 22961ms (cache miss)
1303 http fetch GET 200 https://registry.npmjs.org/eslint-scope/-/eslint-scope-5.1.1.tgz 21200ms (cache miss)
1304 http fetch GET 200 https://registry.npmjs.org/picomatch/-/picomatch-4.0.4.tgz 21194ms (cache miss)
1305 http fetch GET 200 https://registry.npmjs.org/debug/-/debug-3.2.7.tgz 21160ms (cache miss)
1306 http fetch GET 200 https://registry.npmjs.org/debug/-/debug-3.2.7.tgz 21159ms (cache miss)
1307 http fetch GET 200 https://registry.npmjs.org/esbuild/-/esbuild-0.25.12.tgz 21158ms (cache miss)
1308 http fetch GET 200 https://registry.npmjs.org/eslint-visitor-keys/-/eslint-visitor-keys-3.4.3.tgz 21139ms (cache miss)
1309 http fetch GET 200 https://registry.npmjs.org/@babel/helper-compilation-targets/-/helper-compilation-targets-7.28.6.tgz 21298ms (cache miss)
1310 http fetch GET 200 https://registry.npmjs.org/globals/-/globals-16.4.0.tgz 21221ms (cache miss)
1311 http fetch GET 200 https://registry.npmjs.org/@cloudflare/kv-asset-handler/-/kv-asset-handler-0.5.0.tgz 21676ms (cache miss)
1312 http fetch GET 200 https://registry.npmjs.org/ws/-/ws-8.18.0.tgz 23755ms (cache miss)
1313 http fetch GET 200 https://registry.npmjs.org/@babel/template/-/template-7.28.6.tgz 21858ms (cache miss)
1314 http fetch GET 200 https://registry.npmjs.org/esbuild/-/esbuild-0.18.20.tgz 21724ms (cache miss)
1315 http fetch GET 200 https://registry.npmjs.org/lightningcss/-/lightningcss-1.31.1.tgz 23362ms (cache miss)
1316 http fetch GET 200 https://registry.npmjs.org/@babel/helper-module-transforms/-/helper-module-transforms-7.28.6.tgz 22060ms (cache miss)
1317 http fetch GET 200 https://registry.npmjs.org/@nodelib/fs.walk/-/fs.walk-1.2.8.tgz 22420ms (cache miss)
1318 http fetch GET 200 https://registry.npmjs.org/@emnapi/wasi-threads/-/wasi-threads-1.2.1.tgz 22422ms (cache miss)
1319 http fetch GET 200 https://registry.npmjs.org/object-inspect/-/object-inspect-1.13.4.tgz 23759ms (cache miss)
1320 http fetch GET 200 https://registry.npmjs.org/@jridgewell/trace-mapping/-/trace-mapping-0.3.9.tgz 22657ms (cache miss)
1321 http fetch GET 200 https://registry.npmjs.org/@jridgewell/sourcemap-codec/-/sourcemap-codec-1.5.5.tgz 23101ms (cache miss)
1322 http fetch GET 200 https://registry.npmjs.org/webpack-sources/-/webpack-sources-3.4.1.tgz 24759ms (cache miss)
1323 http fetch GET 200 https://registry.npmjs.org/@drizzle-team/brocli/-/brocli-0.10.2.tgz 23062ms (cache miss)
1324 http fetch GET 200 https://registry.npmjs.org/fflate/-/fflate-0.7.4.tgz 23946ms (cache miss)
1325 http fetch GET 200 https://registry.npmjs.org/@eslint-community/regexpp/-/regexpp-4.12.2.tgz 23238ms (cache miss)
1326 http fetch GET 200 https://registry.npmjs.org/fast-uri/-/fast-uri-3.1.2.tgz 24080ms (cache miss)
1327 http fetch GET 200 https://registry.npmjs.org/@img/sharp-linux-x64/-/sharp-linux-x64-0.34.5.tgz 23337ms (cache miss)
1328 http fetch GET 200 https://registry.npmjs.org/acorn/-/acorn-8.16.0.tgz 24040ms (cache miss)
1329 http fetch GET 200 https://registry.npmjs.org/postcss/-/postcss-8.5.14.tgz 25038ms (cache miss)
1330 http fetch GET 200 https://registry.npmjs.org/@unpic/react/-/react-1.0.2.tgz 24035ms (cache miss)
1331 http fetch GET 200 https://registry.npmjs.org/@poppinss/dumper/-/dumper-0.6.5.tgz 23940ms (cache miss)
1332 http fetch GET 200 https://registry.npmjs.org/@jridgewell/gen-mapping/-/gen-mapping-0.3.13.tgz 23897ms (cache miss)
1333 http fetch GET 200 https://registry.npmjs.org/@eslint-community/eslint-utils/-/eslint-utils-4.9.1.tgz 23875ms (cache miss)
1334 http fetch GET 200 https://registry.npmjs.org/css-to-react-native/-/css-to-react-native-3.2.0.tgz 24459ms (cache miss)
1335 http fetch GET 200 https://registry.npmjs.org/@types/react/-/react-19.2.14.tgz 24121ms (cache miss)
1336 http fetch GET 200 https://registry.npmjs.org/@emnapi/runtime/-/runtime-1.10.0.tgz 24022ms (cache miss)
1337 http fetch GET 200 https://registry.npmjs.org/@typescript-eslint/type-utils/-/type-utils-8.59.3.tgz 24275ms (cache miss)
1338 http fetch GET 200 https://registry.npmjs.org/@eslint/config-array/-/config-array-0.21.2.tgz 24081ms (cache miss)
1339 http fetch GET 200 https://registry.npmjs.org/js-yaml/-/js-yaml-4.1.1.tgz 25118ms (cache miss)
1340 http fetch GET 200 https://registry.npmjs.org/lightningcss/-/lightningcss-1.32.0.tgz 23818ms (cache miss)
1341 http fetch GET 200 https://registry.npmjs.org/yoga-layout/-/yoga-layout-3.2.1.tgz 25979ms (cache miss)
1342 http fetch GET 200 https://registry.npmjs.org/sharp/-/sharp-0.34.5.tgz 25761ms (cache miss)
1343 http fetch GET 200 https://registry.npmjs.org/pako/-/pako-0.2.9.tgz 25658ms (cache miss)
1344 http fetch GET 200 https://registry.npmjs.org/tailwindcss/-/tailwindcss-4.2.1.tgz 26093ms (cache miss)
1345 http fetch GET 200 https://registry.npmjs.org/@jridgewell/trace-mapping/-/trace-mapping-0.3.31.tgz 24592ms (cache miss)
1346 http fetch GET 200 https://registry.npmjs.org/styled-jsx/-/styled-jsx-5.1.6.tgz 26165ms (cache miss)
1347 http fetch GET 200 https://registry.npmjs.org/fast-glob/-/fast-glob-3.3.1.tgz 25461ms (cache miss)
1348 http fetch GET 200 https://registry.npmjs.org/@next/eslint-plugin-next/-/eslint-plugin-next-16.2.6.tgz 24715ms (cache miss)
1349 http fetch GET 200 https://registry.npmjs.org/enhanced-resolve/-/enhanced-resolve-5.21.3.tgz 25318ms (cache miss)
1350 http fetch GET 200 https://registry.npmjs.org/semver/-/semver-7.8.0.tgz 24575ms (cache miss)
1351 http fetch GET 200 https://registry.npmjs.org/esquery/-/esquery-1.7.0.tgz 25699ms (cache miss)
1352 http fetch GET 200 https://registry.npmjs.org/@webassemblyjs/ast/-/ast-1.14.1.tgz 25121ms (cache miss)
1353 http fetch GET 200 https://registry.npmjs.org/semver/-/semver-7.8.0.tgz 24596ms (cache miss)
1354 http fetch GET 200 https://registry.npmjs.org/semver/-/semver-7.8.0.tgz 24559ms (cache miss)
1355 http fetch GET 200 https://registry.npmjs.org/uri-js/-/uri-js-4.4.1.tgz 26580ms (cache miss)
1356 http fetch GET 200 https://registry.npmjs.org/csstype/-/csstype-3.2.3.tgz 25466ms (cache miss)
1357 http fetch GET 200 https://registry.npmjs.org/tsx/-/tsx-4.22.1.tgz 26577ms (cache miss)
1358 http fetch GET 200 https://registry.npmjs.org/source-map/-/source-map-0.6.1.tgz 26483ms (cache miss)
1359 http fetch GET 200 https://registry.npmjs.org/tsconfig-paths/-/tsconfig-paths-3.15.0.tgz 26659ms (cache miss)
1360 http fetch GET 200 https://registry.npmjs.org/rolldown/-/rolldown-1.0.1.tgz 26561ms (cache miss)
1361 http fetch GET 200 https://registry.npmjs.org/postcss/-/postcss-8.4.31.tgz 25080ms (cache miss)
1362 http fetch GET 200 https://registry.npmjs.org/fast-glob/-/fast-glob-3.3.3.tgz 25423ms (cache miss)
1363 http fetch GET 200 https://registry.npmjs.org/language-subtag-registry/-/language-subtag-registry-0.3.23.tgz 27000ms (cache miss)
1364 http fetch GET 200 https://registry.npmjs.org/@eslint/eslintrc/-/eslintrc-3.3.5.tgz 25923ms (cache miss)
1365 http fetch GET 200 https://registry.npmjs.org/@babel/generator/-/generator-7.29.1.tgz 25781ms (cache miss)
1366 http fetch GET 200 https://registry.npmjs.org/@tybys/wasm-util/-/wasm-util-0.10.2.tgz 26342ms (cache miss)
1367 http fetch GET 200 https://registry.npmjs.org/minimatch/-/minimatch-10.2.5.tgz 25836ms (cache miss)
1368 http fetch GET 200 https://registry.npmjs.org/youch/-/youch-4.1.0-beta.10.tgz 27896ms (cache miss)
1369 http fetch GET 200 https://registry.npmjs.org/neo-async/-/neo-async-2.6.2.tgz 27818ms (cache miss)
1370 http fetch GET 200 https://registry.npmjs.org/@typescript-eslint/utils/-/utils-8.59.3.tgz 26760ms (cache miss)
1371 http fetch GET 200 https://registry.npmjs.org/jiti/-/jiti-2.7.0.tgz 27600ms (cache miss)
1372 http fetch GET 200 https://registry.npmjs.org/@resvg/resvg-wasm/-/resvg-wasm-2.4.0.tgz 26701ms (cache miss)
1373 http fetch GET 200 https://registry.npmjs.org/jsx-ast-utils/-/jsx-ast-utils-3.3.5.tgz 27660ms (cache miss)
1374 http fetch GET 200 https://registry.npmjs.org/hermes-parser/-/hermes-parser-0.25.1.tgz 27676ms (cache miss)
1375 http fetch GET 200 https://registry.npmjs.org/@typescript-eslint/typescript-estree/-/typescript-estree-8.59.3.tgz 26960ms (cache miss)
1376 http fetch GET 200 https://registry.npmjs.org/image-size/-/image-size-2.0.2.tgz 28002ms (cache miss)
1377 http fetch GET 200 https://registry.npmjs.org/axobject-query/-/axobject-query-4.1.0.tgz 27897ms (cache miss)
1378 http fetch GET 200 https://registry.npmjs.org/@babel/traverse/-/traverse-7.29.0.tgz 27238ms (cache miss)
1379 http fetch GET 200 https://registry.npmjs.org/react-server-dom-webpack/-/react-server-dom-webpack-19.2.6.tgz 28841ms (cache miss)
1380 http fetch GET 200 https://registry.npmjs.org/@emnapi/core/-/core-1.10.0.tgz 27619ms (cache miss)
1381 http fetch GET 200 https://registry.npmjs.org/@babel/parser/-/parser-7.29.3.tgz 27458ms (cache miss)
1382 http fetch GET 200 https://registry.npmjs.org/satori/-/satori-0.16.0.tgz 29296ms (cache miss)
1383 http fetch GET 200 https://registry.npmjs.org/@unrs/resolver-binding-linux-x64-gnu/-/resolver-binding-linux-x64-gnu-1.11.1.tgz 28317ms (cache miss)
1384 http fetch GET 200 https://registry.npmjs.org/vite/-/vite-8.0.13.tgz 29882ms (cache miss)
1385 http fetch GET 200 https://registry.npmjs.org/ajv/-/ajv-6.15.0.tgz 28819ms (cache miss)
1386 http fetch GET 200 https://registry.npmjs.org/aria-query/-/aria-query-5.3.2.tgz 28899ms (cache miss)
1387 http fetch GET 200 https://registry.npmjs.org/es-iterator-helpers/-/es-iterator-helpers-1.3.2.tgz 29078ms (cache miss)
1388 http fetch GET 200 https://registry.npmjs.org/web-vitals/-/web-vitals-4.2.4.tgz 30218ms (cache miss)
1389 http fetch GET 200 https://registry.npmjs.org/ajv-keywords/-/ajv-keywords-5.1.0.tgz 28319ms (cache miss)
1390 http fetch GET 200 https://registry.npmjs.org/resolve/-/resolve-2.0.0-next.7.tgz 30976ms (cache miss)
1391 http fetch GET 200 https://registry.npmjs.org/@tailwindcss/oxide-linux-x64-gnu/-/oxide-linux-x64-gnu-4.2.1.tgz 29865ms (cache miss)
1392 http fetch GET 200 https://registry.npmjs.org/terser/-/terser-5.47.1.tgz 31441ms (cache miss)
1393 http fetch GET 200 https://registry.npmjs.org/axe-core/-/axe-core-4.11.4.tgz 30320ms (cache miss)
1394 http fetch GET 200 https://registry.npmjs.org/@vitejs/plugin-rsc/-/plugin-rsc-0.5.26.tgz 30101ms (cache miss)
1395 http fetch GET 200 https://registry.npmjs.org/@babel/core/-/core-7.29.0.tgz 29634ms (cache miss)
1396 http fetch GET 200 https://registry.npmjs.org/eslint-plugin-import/-/eslint-plugin-import-2.32.0.tgz 30925ms (cache miss)
1397 http fetch GET 200 https://registry.npmjs.org/eslint-plugin-react-hooks/-/eslint-plugin-react-hooks-7.1.1.tgz 31125ms (cache miss)
1398 http fetch GET 200 https://registry.npmjs.org/@types/node/-/node-22.19.19.tgz 30619ms (cache miss)
1399 http fetch GET 200 https://registry.npmjs.org/blake3-wasm/-/blake3-wasm-2.1.5.tgz 31022ms (cache miss)
1400 http fetch GET 200 https://registry.npmjs.org/@shuding/opentype.js/-/opentype.js-1.4.0-beta.0.tgz 30819ms (cache miss)
1401 http fetch GET 200 https://registry.npmjs.org/@speed-highlight/core/-/core-1.2.15.tgz 30963ms (cache miss)
1402 http fetch GET 200 https://registry.npmjs.org/@babel/helpers/-/helpers-7.29.2.tgz 31082ms (cache miss)
1403 http fetch GET 200 https://registry.npmjs.org/eslint-plugin-jsx-a11y/-/eslint-plugin-jsx-a11y-6.10.2.tgz 32102ms (cache miss)
1404 http fetch GET 200 https://registry.npmjs.org/workerd/-/workerd-1.20260515.1.tgz 33612ms (cache miss)
1405 http fetch GET 200 https://registry.npmjs.org/@typescript-eslint/scope-manager/-/scope-manager-8.59.3.tgz 32665ms (cache miss)
1406 http fetch GET 200 https://registry.npmjs.org/@napi-rs/wasm-runtime/-/wasm-runtime-1.1.4.tgz 32574ms (cache miss)
1407 http fetch GET 200 https://registry.npmjs.org/undici/-/undici-7.24.8.tgz 34601ms (cache miss)
1408 http fetch GET 200 https://registry.npmjs.org/@babel/types/-/types-7.29.0.tgz 32840ms (cache miss)
1409 http fetch GET 200 https://registry.npmjs.org/unpic/-/unpic-4.2.2.tgz 35335ms (cache miss)
1410 http fetch GET 200 https://registry.npmjs.org/@vercel/og/-/og-0.8.6.tgz 34014ms (cache miss)
1411 http fetch GET 200 https://registry.npmjs.org/@cloudflare/vite-plugin/-/vite-plugin-1.37.1.tgz 33744ms (cache miss)
1412 http fetch GET 200 https://registry.npmjs.org/eslint-plugin-react/-/eslint-plugin-react-7.37.5.tgz 34746ms (cache miss)
1413 http fetch GET 200 https://registry.npmjs.org/@napi-rs/wasm-runtime/-/wasm-runtime-0.2.12.tgz 34196ms (cache miss)
1414 http fetch GET 200 https://registry.npmjs.org/react-dom/-/react-dom-19.2.6.tgz 35499ms (cache miss)
1415 http fetch GET 200 https://registry.npmjs.org/unenv/-/unenv-2.0.0-rc.24.tgz 37500ms (cache miss)
1416 http fetch GET 200 https://registry.npmjs.org/ajv/-/ajv-8.20.0.tgz 35616ms (cache miss)
1417 http fetch GET 200 https://registry.npmjs.org/ajv/-/ajv-8.20.0.tgz 35740ms (cache miss)
1418 http fetch GET 200 https://registry.npmjs.org/drizzle-kit/-/drizzle-kit-0.31.10.tgz 36923ms (cache miss)
1419 http fetch GET 200 https://registry.npmjs.org/@typescript-eslint/eslint-plugin/-/eslint-plugin-8.59.3.tgz 36698ms (cache miss)
1420 http fetch GET 200 https://registry.npmjs.org/lightningcss-linux-x64-gnu/-/lightningcss-linux-x64-gnu-1.31.1.tgz 37760ms (cache miss)
1421 http fetch GET 200 https://registry.npmjs.org/@esbuild/linux-x64/-/linux-x64-0.18.20.tgz 36339ms (cache miss)
1422 http fetch GET 200 https://registry.npmjs.org/lightningcss-linux-x64-gnu/-/lightningcss-linux-x64-gnu-1.32.0.tgz 36599ms (cache miss)
1423 http fetch GET 200 https://registry.npmjs.org/@swc/helpers/-/helpers-0.5.15.tgz 37118ms (cache miss)
1424 http fetch GET 200 https://registry.npmjs.org/eslint/-/eslint-9.39.4.tgz 37602ms (cache miss)
1425 http fetch GET 200 https://registry.npmjs.org/@esbuild/linux-x64/-/linux-x64-0.25.12.tgz 36941ms (cache miss)
1426 http fetch GET 200 https://registry.npmjs.org/@esbuild/linux-x64/-/linux-x64-0.27.3.tgz 37397ms (cache miss)
1427 http fetch GET 200 https://registry.npmjs.org/@esbuild/linux-x64/-/linux-x64-0.28.0.tgz 37679ms (cache miss)
1428 http fetch GET 200 https://registry.npmjs.org/caniuse-lite/-/caniuse-lite-1.0.30001793.tgz 39802ms (cache miss)
1429 http fetch GET 200 https://registry.npmjs.org/wrangler/-/wrangler-4.92.0.tgz 41276ms (cache miss)
1430 warn tar TAR_ENTRY_ERROR ENOSPC: no space left on device, write
1431 silly tar TAR_ENTRY_ERROR ENOSPC: no space left on device, write [Error: ENOSPC: no space left on device, write] {
1431 silly tar   errno: -28,
1431 silly tar   code: 'ENOSPC',
1431 silly tar   syscall: 'write',
1431 silly tar   entry: ReadEntry {
1431 silly tar     _events: [Object: null prototype] {},
1431 silly tar     _eventsCount: 0,
1431 silly tar     _maxListeners: undefined,
1